DATE,W5000
12/13/99,42.82
12/14/99,42.3
12/15/99,42.51
12/16/99,42.75
12/17/99,42.83
12/20/99,42.83
12/21/99,43.36
12/22/99,43.56
12/23/99,44.14
12/24/99,.
12/27/99,44.05
12/28/99,44.14
12/29/99,44.41
12/30/99,44.42
12/31/99,44.67
1/3/00,44.34
1/4/00,42.59
1/5/00,42.62
1/6/00,42.49
1/7/00,43.66
1/10/00,44.39
1/11/00,43.71
1/12/00,43.44
1/13/00,44.1
1/14/00,44.63
1/17/00,.
1/18/00,44.51
1/19/00,44.67
1/20/00,44.56
1/21/00,44.63
1/24/00,43.46
1/25/00,43.7
1/26/00,43.52
1/27/00,43.34
1/28/00,42.12
1/31/00,42.81
2/1/00,43.34
2/2/00,43.42
2/3/00,44.04
2/4/00,44.03
2/7/00,44.16
2/8/00,44.71
2/9/00,43.88
2/10/00,44.13
2/11/00,43.34
2/14/00,43.45
2/15/00,43.72
2/16/00,43.47
2/17/00,43.67
2/18/00,42.51
2/21/00,.
2/22/00,42.59
2/23/00,43.06
2/24/00,43.03
2/25/00,42.57
2/28/00,42.96
2/29/00,43.77
3/1/00,44.37
3/2/00,44.37
3/3/00,45.36
3/6/00,44.97
3/7/00,44.02
3/8/00,44.3
3/9/00,45.4
3/10/00,45.22
3/13/00,44.61
3/14/00,43.64
3/15/00,44.12
3/16/00,46.06
3/17/00,46.29
3/20/00,45.57
3/21/00,46.53
3/22/00,47.09
3/23/00,47.78
3/24/00,47.84
3/27/00,47.69
3/28/00,47.05
3/29/00,46.66
3/30/00,45.85
3/31/00,46.37
4/3/00,45.81
4/4/00,45.27
4/5/00,45.25
4/6/00,45.9
4/7/00,46.53
4/10/00,45.69
4/11/00,45.34
4/12/00,44.09
4/13/00,43.27
4/14/00,40.48
4/17/00,41.7
4/18/00,43.25
4/19/00,42.91
4/20/00,43
4/21/00,.
4/24/00,42.6
4/25/00,44.16
4/26/00,43.65
4/27/00,43.97
4/28/00,43.96
5/1/00,44.56
5/2/00,43.69
5/3/00,42.79
5/4/00,42.8
5/5/00,43.46
5/8/00,43.07
5/9/00,42.6
5/10/00,41.53
5/11/00,42.36
5/12/00,42.71
5/15/00,43.65
5/16/00,44.18
5/17/00,43.59
5/18/00,43.14
5/19/00,42.17
5/22/00,41.89
5/23/00,40.97
5/24/00,41.6
5/25/00,41.09
5/26/00,40.99
5/29/00,.
5/30/00,42.5
5/31/00,42.42
6/1/00,43.45
6/2/00,44.64
6/5/00,44.46
6/6/00,44.35
6/7/00,44.61
6/8/00,44.35
6/9/00,44.35
6/12/00,43.85
6/13/00,44.5
6/14/00,44.44
6/15/00,44.66
6/16/00,44.33
6/19/00,45.05
6/20/00,44.93
6/21/00,45.07
6/22/00,44.24
6/23/00,43.82
6/26/00,44.23
6/27/00,44.02
6/28/00,44.33
6/29/00,44.02
6/30/00,44.29
7/3/00,44.73
7/4/00,.
7/5/00,44.02
7/6/00,44.4
7/7/00,45.06
7/10/00,44.99
7/11/00,45.07
7/12/00,45.62
7/13/00,45.84
7/14/00,46.27
7/17/00,46.33
7/18/00,45.72
7/19/00,45.22
7/20/00,45.81
7/21/00,45.21
7/24/00,44.59
7/25/00,44.83
7/26/00,44.26
7/27/00,43.92
7/28/00,42.95
7/31/00,43.39
8/1/00,43.5
8/2/00,43.51
8/3/00,43.96
8/4/00,44.34
8/7/00,44.85
8/8/00,44.91
8/9/00,44.65
8/10/00,44.24
8/11/00,44.63
8/14/00,45.19
8/15/00,44.98
8/16/00,44.9
8/17/00,45.41
8/18/00,45.3
8/21/00,45.51
8/22/00,45.51
8/23/00,45.77
8/24/00,45.93
8/25/00,45.91
8/28/00,46.13
8/29/00,46.09
8/30/00,46.03
8/31/00,46.54
9/1/00,46.7
9/4/00,.
9/5/00,46.28
9/6/00,45.78
9/7/00,46.14
9/8/00,45.8
9/11/00,45.62
9/12/00,45.43
9/13/00,45.55
9/14/00,45.56
9/15/00,45.04
9/18/00,44.24
9/19/00,44.78
9/20/00,44.61
9/21/00,44.43
9/22/00,44.57
9/25/00,44.33
9/26/00,43.94
9/27/00,43.88
9/28/00,44.93
9/29/00,44.37
10/2/00,44.07
10/3/00,43.56
10/4/00,43.85
10/5/00,43.76
10/6/00,42.84
10/9/00,42.71
10/10/00,42.1
10/11/00,41.41
10/12/00,40.28
10/13/00,41.75
10/16/00,41.84
10/17/00,41.05
10/18/00,40.74
10/19/00,42.2
10/20/00,42.58
10/23/00,42.58
10/24/00,42.54
10/25/00,41.52
10/26/00,41.54
10/27/00,41.94
10/30/00,42.29
10/31/00,43.42
11/1/00,43.23
11/2/00,43.67
11/3/00,43.66
11/6/00,43.73
11/7/00,43.72
11/8/00,42.91
11/9/00,42.51
11/10/00,41.4
11/13/00,40.86
11/14/00,41.92
11/15/00,42.18
11/16/00,41.52
11/17/00,41.32
11/20/00,40.34
11/21/00,40.35
11/22/00,39.53
11/23/00,.
11/24/00,40.32
11/27/00,40.45
11/28/00,39.82
11/29/00,39.9
11/30/00,39.1
12/1/00,39.3
12/4/00,39.46
12/5/00,41.2
12/6/00,40.49
12/7/00,40.27
12/8/00,41.37
12/11/00,41.84
12/12/00,41.43
12/13/00,40.99
12/14/00,40.28
12/15/00,39.51
12/18/00,39.79
12/19/00,39.17
12/20/00,37.81
12/21/00,38.02
12/22/00,39.16
12/25/00,.
12/26/00,39.39
12/27/00,39.93
12/28/00,40.29
12/29/00,39.8
1/1/01,.
1/2/01,38.46
1/3/01,40.48
1/4/01,39.97
1/5/01,38.82
1/8/01,38.71
1/9/01,38.91
1/10/01,39.46
1/11/01,39.99
1/12/01,39.84
1/15/01,.
1/16/01,40.12
1/17/01,40.26
1/18/01,40.72
1/19/01,40.51
1/22/01,40.53
1/23/01,41.16
1/24/01,41.32
1/25/01,41.01
1/26/01,40.98
1/29/01,41.35
1/30/01,41.61
1/31/01,41.33
2/1/01,41.5
2/2/01,40.66
2/5/01,40.78
2/6/01,40.81
2/7/01,40.48
2/8/01,40.22
2/9/01,39.67
2/12/01,40.09
2/13/01,39.75
2/14/01,39.74
2/15/01,40.1
2/16/01,39.37
2/19/01,.
2/20/01,38.64
2/21/01,37.96
2/22/01,37.79
2/23/01,37.64
2/26/01,38.37
2/27/01,37.95
2/28/01,37.41
3/1/01,37.42
3/2/01,37.24
3/5/01,37.44
3/6/01,37.83
3/7/01,38.07
3/8/01,38.04
3/9/01,37.12
3/12/01,35.54
3/13/01,36.08
3/14/01,35.2
3/15/01,35.33
3/16/01,34.59
3/19/01,35.23
3/20/01,34.42
3/21/01,33.77
3/22/01,33.62
3/23/01,34.32
3/26/01,34.71
3/27/01,35.53
3/28/01,34.64
3/29/01,34.47
3/30/01,34.89
4/2/01,34.35
4/3/01,33.11
4/4/01,33
4/5/01,34.52
4/6/01,33.83
4/9/01,34.13
4/10/01,35.09
4/11/01,35.05
4/12/01,35.59
4/13/01,.
4/16/01,35.43
4/17/01,35.82
4/18/01,37.2
4/19/01,37.73
4/20/01,37.42
4/23/01,36.81
4/24/01,36.4
4/25/01,37
4/26/01,37.19
4/27/01,37.75
4/30/01,37.76
5/1/01,38.27
5/2/01,38.38
5/3/01,37.79
5/4/01,38.34
5/7/01,38.22
5/8/01,38.18
5/9/01,38.01
5/10/01,37.99
5/11/01,37.72
5/14/01,37.77
5/15/01,37.81
5/16/01,38.85
5/17/01,39.06
5/18/01,39.15
5/21/01,39.87
5/22/01,39.81
5/23/01,39.15
5/24/01,39.3
5/25/01,38.91
5/28/01,.
5/29/01,38.52
5/30/01,37.86
5/31/01,38.14
6/1/01,38.34
6/4/01,38.53
6/5/01,39.1
6/6/01,38.72
6/7/01,38.93
6/8/01,38.56
6/11/01,38.19
6/12/01,38.21
6/13/01,37.82
6/14/01,37.09
6/15/01,36.93
6/18/01,36.71
6/19/01,36.79
6/20/01,37.18
6/21/01,37.54
6/22/01,37.18
6/25/01,36.98
6/26/01,36.99
6/27/01,36.91
6/28/01,37.39
6/29/01,37.5
7/2/01,37.73
7/3/01,37.66
7/4/01,.
7/5/01,37.21
7/6/01,36.37
7/9/01,36.59
7/10/01,36.06
7/11/01,36
7/12/01,36.87
7/13/01,37.08
7/16/01,36.66
7/17/01,37.04
7/18/01,36.79
7/19/01,36.99
7/20/01,36.88
7/23/01,36.33
7/24/01,35.72
7/25/01,36.22
7/26/01,36.64
7/27/01,36.73
7/30/01,36.7
7/31/01,36.88
8/1/01,37.05
8/2/01,37.18
8/3/01,37
8/6/01,36.58
8/7/01,36.66
8/8/01,36.04
8/9/01,36.03
8/10/01,36.2
8/13/01,36.28
8/14/01,36.18
8/15/01,35.93
8/16/01,36.01
8/17/01,35.44
8/20/01,35.69
8/21/01,35.28
8/22/01,35.52
8/23/01,35.42
8/24/01,36.06
8/27/01,35.92
8/28/01,35.41
8/29/01,35.07
8/30/01,34.5
8/31/01,34.65
9/3/01,.
9/4/01,34.62
9/5/01,34.51
9/6/01,33.79
9/7/01,33.18
9/10/01,33.3
9/11/01,.
9/12/01,.
9/13/01,.
9/14/01,.
9/17/01,31.61
9/18/01,31.36
9/19/01,30.84
9/20/01,29.91
9/21/01,29.34
9/24/01,30.45
9/25/01,30.68
9/26/01,30.49
9/27/01,30.83
9/28/01,31.53
10/1/01,31.39
10/2/01,31.75
10/3/01,32.46
10/4/01,32.43
10/5/01,32.45
10/8/01,32.19
10/9/01,32.03
10/10/01,32.79
10/11/01,33.35
10/12/01,33.16
10/15/01,33.13
10/16/01,33.38
10/17/01,32.72
10/18/01,32.47
10/19/01,32.65
10/22/01,33.14
10/23/01,32.98
10/24/01,33
10/25/01,33.47
10/26/01,33.61
10/29/01,32.84
10/30/01,32.27
10/31/01,32.34
11/1/01,33.01
11/2/01,33.07
11/5/01,33.53
11/6/01,34.02
11/7/01,33.94
11/8/01,33.98
11/9/01,34.01
11/12/01,33.98
11/13/01,34.61
11/14/01,34.72
11/15/01,34.73
11/16/01,34.65
11/19/01,35.04
11/20/01,34.77
11/21/01,34.61
11/22/01,.
11/23/01,35.01
11/26/01,35.26
11/27/01,35.07
11/28/01,34.46
11/29/01,34.85
11/30/01,34.81
12/3/01,34.52
12/4/01,35.02
12/5/01,35.82
12/6/01,35.78
12/7/01,35.53
12/10/01,34.99
12/11/01,34.93
12/12/01,34.94
12/13/01,34.42
12/14/01,34.54
12/17/01,34.89
12/18/01,35.18
12/19/01,35.33
12/20/01,35.01
12/21/01,35.21
12/24/01,35.23
12/25/01,.
12/26/01,35.41
12/27/01,35.65
12/28/01,35.8
12/31/01,35.43
1/1/02,.
1/2/02,35.58
1/3/02,35.93
1/4/02,36.18
1/7/02,35.94
1/8/02,35.86
1/9/02,35.7
1/10/02,35.72
1/11/02,35.42
1/14/02,35.13
1/15/02,35.37
1/16/02,34.81
1/17/02,35.17
1/18/02,34.8
1/21/02,.
1/22/02,34.52
1/23/02,34.84
1/24/02,34.99
1/25/02,35.02
1/28/02,35.04
1/29/02,34.17
1/30/02,34.53
1/31/02,34.99
2/1/02,34.75
2/4/02,33.94
2/5/02,33.82
2/6/02,33.57
2/7/02,33.43
2/8/02,33.96
2/11/02,34.42
2/12/02,34.31
2/13/02,34.65
2/14/02,34.57
2/15/02,34.2
2/18/02,.
2/19/02,33.55
2/20/02,33.99
2/21/02,33.48
2/22/02,33.75
2/25/02,34.31
2/26/02,34.35
2/27/02,34.37
2/28/02,34.27
3/1/02,35.03
3/4/02,35.72
3/5/02,35.53
3/6/02,36.03
3/7/02,35.88
3/8/02,36.13
3/11/02,36.24
3/12/02,36.14
3/13/02,35.82
3/14/02,35.81
3/15/02,36.19
3/18/02,36.23
3/19/02,36.36
3/20/02,35.82
3/21/02,35.93
3/22/02,35.77
3/25/02,35.26
3/26/02,35.48
3/27/02,35.68
3/28/02,35.77
3/29/02,.
4/1/02,35.74
4/2/02,35.42
4/3/02,35.08
4/4/02,35.12
4/5/02,35.04
4/8/02,35.17
4/9/02,34.97
4/10/02,35.38
4/11/02,34.61
4/12/02,34.9
4/15/02,34.67
4/16/02,35.44
4/17/02,35.35
4/18/02,35.31
4/19/02,35.33
4/22/02,34.81
4/23/02,34.63
4/24/02,34.42
4/25/02,34.39
4/26/02,33.92
4/29/02,33.63
4/30/02,34.03
5/1/02,34.29
5/2/02,34.23
5/3/02,33.91
5/6/02,33.29
5/7/02,33.17
5/8/02,34.33
5/9/02,33.85
5/10/02,33.3
5/13/02,33.88
5/14/02,34.62
5/15/02,34.48
5/16/02,34.6
5/17/02,34.84
5/20/02,34.4
5/21/02,34.01
5/22/02,34.13
5/23/02,34.49
5/24/02,34.1
5/27/02,.
5/28/02,33.85
5/29/02,33.64
5/30/02,33.56
5/31/02,33.63
6/3/02,32.83
6/4/02,32.79
6/5/02,33.05
6/6/02,32.44
6/7/02,32.46
6/10/02,32.53
6/11/02,31.99
6/12/02,32.16
6/13/02,31.82
6/14/02,31.8
6/17/02,32.67
6/18/02,32.68
6/19/02,32.16
6/20/02,31.74
6/21/02,31.27
6/24/02,31.32
6/25/02,30.81
6/26/02,30.72
6/27/02,31.23
6/28/02,31.26
7/1/02,30.55
7/2/02,29.86
7/3/02,29.99
7/4/02,.
7/5/02,31.04
7/8/02,30.66
7/9/02,29.96
7/10/02,29.06
7/11/02,29.2
7/12/02,29.04
7/15/02,28.91
7/16/02,28.49
7/17/02,28.66
7/18/02,27.89
7/19/02,26.95
7/22/02,26.09
7/23/02,25.35
7/24/02,26.7
7/25/02,26.58
7/26/02,26.98
7/29/02,28.43
7/30/02,28.56
7/31/02,28.74
8/1/02,27.97
8/2/02,27.31
8/5/02,26.41
8/6/02,27.2
8/7/02,27.69
8/8/02,28.52
8/9/02,28.61
8/12/02,28.49
8/13/02,27.89
8/14/02,28.92
8/15/02,29.26
8/16/02,29.29
8/19/02,29.91
8/20/02,29.52
8/21/02,29.92
8/22/02,30.31
8/23/02,29.65
8/26/02,29.9
8/27/02,29.44
8/28/02,28.93
8/29/02,28.98
8/30/02,28.91
9/2/02,.
9/3/02,27.78
9/4/02,28.29
9/5/02,27.84
9/6/02,28.34
9/9/02,28.6
9/10/02,28.79
9/11/02,28.78
9/12/02,28.11
9/13/02,28.22
9/16/02,28.22
9/17/02,27.69
9/18/02,27.57
9/19/02,26.77
9/20/02,26.83
9/23/02,26.44
9/24/02,26.04
9/25/02,26.66
9/26/02,27.13
9/27/02,26.34
9/30/02,26.01
10/1/02,26.92
10/2/02,26.3
10/3/02,26.01
10/4/02,25.43
10/7/02,24.91
10/8/02,25.28
10/9/02,24.58
10/10/02,25.42
10/11/02,26.36
10/14/02,26.55
10/15/02,27.76
10/16/02,27.09
10/17/02,27.73
10/18/02,27.87
10/21/02,28.33
10/22/02,28.01
10/23/02,28.23
10/24/02,27.84
10/25/02,28.3
10/28/02,28.07
10/29/02,27.82
10/30/02,28.11
10/31/02,28
11/1/02,28.48
11/4/02,28.71
11/5/02,28.89
11/6/02,29.18
11/7/02,28.54
11/8/02,28.29
11/11/02,27.7
11/12/02,27.93
11/13/02,27.94
11/14/02,28.61
11/15/02,28.79
11/18/02,28.51
11/19/02,28.37
11/20/02,28.91
11/21/02,29.53
11/22/02,29.46
11/25/02,29.57
11/26/02,28.97
11/27/02,29.77
11/28/02,.
11/29/02,29.69
12/2/02,29.67
12/3/02,29.21
12/4/02,29.11
12/5/02,28.79
12/6/02,28.97
12/9/02,28.33
12/10/02,28.73
12/11/02,28.75
12/12/02,28.68
12/13/02,28.3
12/16/02,28.92
12/17/02,28.69
12/18/02,28.32
12/19/02,28.12
12/20/02,28.47
12/23/02,28.54
12/24/02,28.39
12/25/02,.
12/26/02,28.34
12/27/02,27.91
12/30/02,28.01
12/31/02,28.04
1/1/03,.
1/2/03,28.91
1/3/03,28.89
1/6/03,29.49
1/7/03,29.29
1/8/03,28.9
1/9/03,29.44
1/10/03,29.45
1/13/03,29.4
1/14/03,29.56
1/15/03,29.19
1/16/03,29.09
1/17/03,28.68
1/20/03,.
1/21/03,28.25
1/22/03,27.99
1/23/03,28.27
1/24/03,27.5
1/27/03,27.05
1/28/03,27.38
1/29/03,27.56
1/30/03,26.99
1/31/03,27.34
2/3/03,27.44
2/4/03,27.08
2/5/03,26.95
2/6/03,26.79
2/7/03,26.5
2/10/03,26.69
2/11/03,26.5
2/12/03,26.17
2/13/03,26.11
2/14/03,26.6
2/17/03,.
2/18/03,27.12
2/19/03,26.94
2/20/03,26.72
2/21/03,27.07
2/24/03,26.6
2/25/03,26.78
2/26/03,26.46
2/27/03,26.76
2/28/03,26.87
3/3/03,26.7
3/4/03,26.32
3/5/03,26.52
3/6/03,26.3
3/7/03,26.5
3/10/03,25.87
3/11/03,25.66
3/12/03,25.74
3/13/03,26.61
3/14/03,26.64
3/17/03,27.54
3/18/03,27.67
3/19/03,27.87
3/20/03,27.95
3/21/03,28.56
3/24/03,27.6
3/25/03,27.94
3/26/03,27.78
3/27/03,27.76
3/28/03,27.63
3/31/03,27.18
4/1/03,27.48
4/2/03,28.18
4/3/03,28.05
4/4/03,28.09
4/7/03,28.14
4/8/03,28.08
4/9/03,27.73
4/10/03,27.88
4/11/03,27.79
4/14/03,28.31
4/15/03,28.48
4/16/03,28.17
4/17/03,28.6
4/18/03,.
4/21/03,28.58
4/22/03,29.16
4/23/03,29.41
4/24/03,29.18
4/25/03,28.8
4/28/03,29.3
4/29/03,29.4
4/30/03,29.41
5/1/03,29.4
5/2/03,29.86
5/5/03,29.8
5/6/03,30.04
5/7/03,29.91
5/8/03,29.62
5/9/03,30.04
5/12/03,30.41
5/13/03,30.35
5/14/03,30.28
5/15/03,30.5
5/16/03,30.41
5/19/03,29.71
5/20/03,29.68
5/21/03,29.81
5/22/03,30.09
5/23/03,30.17
5/26/03,.
5/27/03,30.75
5/28/03,30.81
5/29/03,30.72
5/30/03,31.2
6/2/03,31.32
6/3/03,31.44
6/4/03,31.93
6/5/03,32.1
6/6/03,32
6/9/03,31.59
6/10/03,31.89
6/11/03,32.3
6/12/03,32.36
6/13/03,32.02
6/16/03,32.7
6/17/03,32.73
6/18/03,32.68
6/19/03,32.2
6/20/03,32.22
6/23/03,31.74
6/24/03,31.8
6/25/03,31.62
6/26/03,31.97
6/27/03,31.72
6/30/03,31.66
7/1/03,31.89
7/2/03,32.31
7/3/03,32.08
7/4/03,.
7/7/03,32.68
7/8/03,32.85
7/9/03,32.73
7/10/03,32.29
7/11/03,32.59
7/14/03,32.82
7/15/03,32.7
7/16/03,32.49
7/17/03,32.03
7/18/03,32.38
7/21/03,31.93
7/22/03,32.23
7/23/03,32.27
7/24/03,32.08
7/25/03,32.56
7/28/03,32.55
7/29/03,32.37
7/30/03,32.33
7/31/03,32.43
8/1/03,32.08
8/4/03,32.12
8/5/03,31.58
8/6/03,31.59
8/7/03,31.78
8/8/03,31.88
8/11/03,32.02
8/12/03,32.36
8/13/03,32.2
8/14/03,32.4
8/15/03,32.43
8/18/03,32.76
8/19/03,32.89
8/20/03,32.86
8/21/03,33.01
8/22/03,32.66
8/25/03,32.58
8/26/03,32.74
8/27/03,32.8
8/28/03,33.03
8/29/03,33.2
9/1/03,.
9/2/03,33.66
9/3/03,33.81
9/4/03,33.88
9/5/03,33.68
9/8/03,34.03
9/9/03,33.77
9/10/03,33.3
9/11/03,33.51
9/12/03,33.59
9/15/03,33.48
9/16/03,33.94
9/17/03,33.85
9/18/03,34.27
9/19/03,34.2
9/22/03,33.77
9/23/03,33.99
9/24/03,33.36
9/25/03,33.09
9/26/03,32.82
9/29/03,33.15
9/30/03,32.84
10/1/03,33.55
10/2/03,33.65
10/3/03,34
10/6/03,34.17
10/7/03,34.35
10/8/03,34.18
10/9/03,34.36
10/10/03,34.34
10/13/03,34.62
10/14/03,34.77
10/15/03,34.65
10/16/03,34.77
10/17/03,34.39
10/20/03,34.53
10/21/03,34.62
10/22/03,34.08
10/23/03,34.16
10/24/03,34
10/27/03,34.15
10/28/03,34.68
10/29/03,34.77
10/30/03,34.74
10/31/03,34.84
11/3/03,35.16
11/4/03,35
11/5/03,34.98
11/6/03,35.19
11/7/03,35.08
11/10/03,34.83
11/11/03,34.76
11/12/03,35.22
11/13/03,35.23
11/14/03,34.95
11/17/03,34.7
11/18/03,34.4
11/19/03,34.65
11/20/03,34.38
11/21/03,34.46
11/24/03,35.05
11/25/03,35.15
11/26/03,35.3
11/27/03,.
11/28/03,35.33
12/1/03,35.74
12/2/03,35.64
12/3/03,35.51
12/4/03,35.61
12/5/03,35.34
12/8/03,35.59
12/9/03,35.26
12/10/03,35.16
12/11/03,35.62
12/12/03,35.74
12/15/03,35.47
12/16/03,35.66
12/17/03,35.71
12/18/03,36.15
12/19/03,36.14
12/22/03,36.28
12/23/03,36.41
12/24/03,36.35
12/25/03,.
12/26/03,36.42
12/29/03,36.89
12/30/03,36.91
12/31/03,36.92
1/1/04,.
1/2/04,36.84
1/5/04,37.28
1/6/04,37.35
1/7/04,37.47
1/8/04,37.65
1/9/04,37.37
1/12/04,37.58
1/13/04,37.4
1/14/04,37.7
1/15/04,37.74
1/16/04,38.02
1/19/04,.
1/20/04,38.07
1/21/04,38.31
1/22/04,38.19
1/23/04,38.16
1/26/04,38.59
1/27/04,38.23
1/28/04,37.69
1/29/04,37.79
1/30/04,37.74
2/2/04,37.85
2/3/04,37.85
2/4/04,37.47
2/5/04,37.56
2/6/04,38.09
2/9/04,38.05
2/10/04,38.27
2/11/04,38.67
2/12/04,38.49
2/13/04,38.27
2/16/04,.
2/17/04,38.65
2/18/04,38.49
2/19/04,38.28
2/20/04,38.17
2/23/04,37.99
2/24/04,37.94
2/25/04,38.14
2/26/04,38.25
2/27/04,38.29
3/1/04,38.69
3/2/04,38.47
3/3/04,38.52
3/4/04,38.69
3/5/04,38.78
3/8/04,38.46
3/9/04,38.21
3/10/04,37.64
3/11/04,37.11
3/12/04,37.61
3/15/04,37.03
3/16/04,37.19
3/17/04,37.66
3/18/04,37.59
3/19/04,37.22
3/22/04,36.71
3/23/04,36.68
3/24/04,36.57
3/25/04,37.19
3/26/04,37.18
3/29/04,37.68
3/30/04,37.87
3/31/04,37.88
4/1/04,38.11
4/2/04,38.44
4/5/04,38.71
4/6/04,38.58
4/7/04,38.39
4/8/04,38.33
4/9/04,.
4/12/04,38.49
4/13/04,37.92
4/14/04,37.84
4/15/04,37.84
4/16/04,38.03
4/19/04,38.11
4/20/04,37.52
4/21/04,37.74
4/22/04,38.29
4/23/04,38.28
4/26/04,38.14
4/27/04,38.21
4/28/04,37.66
4/29/04,37.32
4/30/04,37.07
5/3/04,37.4
5/4/04,37.49
5/5/04,37.57
5/6/04,37.28
5/7/04,36.71
5/10/04,36.24
5/11/04,36.59
5/12/04,36.63
5/13/04,36.61
5/14/04,36.56
5/17/04,36.16
5/18/04,36.44
5/19/04,36.36
5/20/04,36.38
5/21/04,36.54
5/24/04,36.66
5/25/04,37.27
5/26/04,37.38
5/27/04,37.57
5/28/04,37.58
5/31/04,.
6/1/04,37.63
6/2/04,37.75
6/3/04,37.42
6/4/04,37.63
6/7/04,38.23
6/8/04,38.26
6/9/04,37.88
6/10/04,38.01
6/11/04,.
6/14/04,37.61
6/15/04,37.89
6/16/04,37.95
6/17/04,37.91
6/18/04,37.99
6/21/04,37.84
6/22/04,37.98
6/23/04,38.33
6/24/04,38.23
6/25/04,38.13
6/28/04,38.07
6/29/04,38.17
6/30/04,38.37
7/1/04,37.97
7/2/04,37.88
7/5/04,.
7/6/04,37.53
7/7/04,37.6
7/8/04,37.24
7/9/04,37.36
7/12/04,37.38
7/13/04,37.41
7/14/04,37.29
7/15/04,37.19
7/16/04,36.99
7/19/04,36.96
7/20/04,37.26
7/21/04,36.71
7/22/04,36.75
7/23/04,36.38
7/26/04,36.23
7/27/04,36.63
7/28/04,36.61
7/29/04,36.85
7/30/04,36.9
8/2/04,37.05
8/3/04,36.78
8/4/04,36.72
8/5/04,36.12
8/6/04,35.55
8/9/04,35.57
8/10/04,36.06
8/11/04,35.95
8/12/04,35.52
8/13/04,35.57
8/16/04,36.07
8/17/04,36.18
8/18/04,36.66
8/19/04,36.52
8/20/04,36.82
8/23/04,36.71
8/24/04,36.73
8/25/04,37.03
8/26/04,37.02
8/27/04,37.14
8/30/04,36.84
8/31/04,37.02
9/1/04,37.13
9/2/04,37.54
9/3/04,37.38
9/6/04,.
9/7/04,37.66
9/8/04,37.48
9/9/04,37.6
9/10/04,37.79
9/13/04,37.9
9/14/04,37.96
9/15/04,37.72
9/16/04,37.87
9/17/04,38
9/20/04,37.81
9/21/04,38.06
9/22/04,37.55
9/23/04,37.41
9/24/04,37.47
9/27/04,37.22
9/28/04,37.46
9/29/04,37.65
9/30/04,37.68
10/1/04,38.25
10/4/04,38.39
10/5/04,38.36
10/6/04,38.63
10/7/04,38.23
10/8/04,37.94
10/11/04,38.01
10/12/04,37.93
10/13/04,37.65
10/14/04,37.33
10/15/04,37.51
10/18/04,37.7
10/19/04,37.36
10/20/04,37.4
10/21/04,37.56
10/22/04,37.2
10/25/04,37.2
10/26/04,37.7
10/27/04,38.2
10/28/04,38.26
10/29/04,38.33
11/1/04,38.36
11/2/04,38.35
11/3/04,38.8
11/4/04,39.38
11/5/04,39.52
11/8/04,39.47
11/9/04,39.49
11/10/04,39.5
11/11/04,39.87
11/12/04,40.24
11/15/04,40.26
11/16/04,39.98
11/17/04,40.22
11/18/04,40.24
11/19/04,39.8
11/22/04,40.05
11/23/04,40.09
11/24/04,40.29
11/25/04,.
11/26/04,40.35
11/29/04,40.26
11/30/04,40.12
12/1/04,40.71
12/2/04,40.67
12/3/04,40.71
12/6/04,40.66
12/7/04,40.18
12/8/04,40.38
12/9/04,40.57
12/10/04,40.57
12/13/04,40.92
12/14/04,41.11
12/15/04,41.24
12/16/04,41.12
12/17/04,40.9
12/20/04,40.86
12/21/04,41.24
12/22/04,41.4
12/23/04,41.43
12/24/04,.
12/27/04,41.25
12/28/04,41.6
12/29/04,41.61
12/30/04,41.63
12/31/04,41.58
1/3/05,41.17
1/4/05,40.64
1/5/05,40.41
1/6/05,40.55
1/7/05,40.47
1/10/05,40.64
1/11/05,40.37
1/12/05,40.51
1/13/05,40.22
1/14/05,40.49
1/17/05,.
1/18/05,40.89
1/19/05,40.51
1/20/05,40.2
1/21/05,39.99
1/24/05,39.79
1/25/05,39.91
1/26/05,40.16
1/27/05,40.19
1/28/05,40.08
1/31/05,40.47
2/1/05,40.74
2/2/05,40.91
2/3/05,40.81
2/4/05,41.26
2/7/05,41.21
2/8/05,41.25
2/9/05,40.85
2/10/05,41.01
2/11/05,41.32
2/14/05,41.36
2/15/05,41.49
2/16/05,41.54
2/17/05,41.21
2/18/05,41.22
2/21/05,.
2/22/05,40.6
2/23/05,40.82
2/24/05,41.15
2/25/05,41.56
2/28/05,41.31
3/1/05,41.55
3/2/05,41.55
3/3/05,41.56
3/4/05,41.94
3/7/05,42.06
3/8/05,41.83
3/9/05,41.41
3/10/05,41.43
3/11/05,41.2
3/14/05,41.46
3/15/05,41.18
3/16/05,40.85
3/17/05,40.94
3/18/05,40.88
3/21/05,40.72
3/22/05,40.36
3/23/05,40.29
3/24/05,40.3
3/25/05,.
3/28/05,40.36
3/29/05,40.02
3/30/05,40.57
3/31/05,40.58
4/1/05,40.34
4/4/05,40.45
4/5/05,40.61
4/6/05,40.71
4/7/05,40.94
4/8/05,40.58
4/11/05,40.56
4/12/05,40.79
4/13/05,40.3
4/14/05,39.87
4/15/05,39.24
4/18/05,39.36
4/19/05,39.66
4/20/05,39.14
4/21/05,39.88
4/22/05,39.56
4/25/05,39.94
4/26/05,39.59
4/27/05,39.71
4/28/05,39.25
4/29/05,39.67
5/2/05,39.87
5/3/05,39.85
5/4/05,40.37
5/5/05,40.3
5/6/05,40.29
5/9/05,40.55
5/10/05,40.14
5/11/05,40.3
5/12/05,39.89
5/13/05,39.69
5/16/05,40.11
5/17/05,40.38
5/18/05,40.85
5/19/05,41.04
5/20/05,41
5/23/05,41.18
5/24/05,41.2
5/25/05,41.02
5/26/05,41.31
5/27/05,41.4
5/30/05,.
5/31/05,41.21
6/1/05,41.6
6/2/05,41.7
6/3/05,41.42
6/6/05,41.5
6/7/05,41.5
6/8/05,41.39
6/9/05,41.63
6/10/05,41.55
6/13/05,41.67
6/14/05,41.8
6/15/05,41.9
6/16/05,42.1
6/17/05,42.26
6/20/05,42.23
6/21/05,42.15
6/22/05,42.18
6/23/05,41.75
6/24/05,41.46
6/27/05,41.43
6/28/05,41.86
6/29/05,41.83
6/30/05,41.58
7/1/05,41.73
7/4/05,.
7/5/05,42.12
7/6/05,41.82
7/7/05,41.93
7/8/05,42.44
7/11/05,42.74
7/12/05,42.83
7/13/05,42.83
7/14/05,42.87
7/15/05,42.93
7/18/05,42.71
7/19/05,43.05
7/20/05,43.28
7/21/05,42.96
7/22/05,43.23
7/25/05,43.04
7/26/05,43.14
7/27/05,43.32
7/28/05,43.61
7/29/05,43.33
8/1/05,43.4
8/2/05,43.71
8/3/05,43.7
8/4/05,43.35
8/5/05,42.98
8/8/05,42.82
8/9/05,43.06
8/10/05,43.02
8/11/05,43.33
8/12/05,43.09
8/15/05,43.22
8/16/05,42.71
8/17/05,42.73
8/18/05,42.67
8/19/05,42.7
8/22/05,42.79
8/23/05,42.67
8/24/05,42.46
8/25/05,42.55
8/26/05,42.27
8/29/05,42.54
8/30/05,42.42
8/31/05,42.9
9/1/05,42.96
9/2/05,42.81
9/5/05,.
9/6/05,43.34
9/7/05,43.47
9/8/05,43.3
9/9/05,43.62
9/12/05,43.62
9/13/05,43.29
9/14/05,43.11
9/15/05,43.12
9/16/05,43.42
9/19/05,43.19
9/20/05,42.86
9/21/05,42.42
9/22/05,42.55
9/23/05,42.62
9/26/05,42.69
9/27/05,42.68
9/28/05,42.7
9/29/05,43.1
9/30/05,43.2
10/3/05,43.2
10/4/05,42.78
10/5/05,42.09
10/6/05,41.87
10/7/05,42.04
10/10/05,41.74
10/11/05,41.61
10/12/05,41.28
10/13/05,41.24
10/14/05,41.63
10/17/05,41.76
10/18/05,41.33
10/19/05,41.93
10/20/05,41.33
10/21/05,41.49
10/24/05,42.2
10/25/05,42.09
10/26/05,41.9
10/27/05,41.38
10/28/05,42.04
10/31/05,42.45
11/1/05,42.34
11/2/05,42.83
11/3/05,43.01
11/4/05,43.02
11/7/05,43.14
11/8/05,42.98
11/9/05,43.07
11/10/05,43.42
11/11/05,43.55
11/14/05,43.52
11/15/05,43.31
11/16/05,43.37
11/17/05,43.85
11/18/05,44.04
11/21/05,44.3
11/22/05,44.54
11/23/05,44.69
11/24/05,.
11/25/05,44.77
11/28/05,44.32
11/29/05,44.34
11/30/05,44.16
12/1/05,44.74
12/2/05,44.76
12/5/05,44.62
12/6/05,44.68
12/7/05,44.47
12/8/05,44.47
12/9/05,44.6
12/12/05,44.65
12/13/05,44.84
12/14/05,45.01
12/15/05,44.9
12/16/05,44.78
12/19/05,44.45
12/20/05,44.46
12/21/05,44.62
12/22/05,44.83
12/23/05,44.87
12/26/05,.
12/27/05,44.43
12/28/05,44.53
12/29/05,44.41
12/30/05,44.2
1/2/06,.
1/3/06,44.9
1/4/06,45.11
1/5/06,45.14
1/6/06,45.58
1/9/06,45.79
1/10/06,45.84
1/11/06,45.97
1/12/06,45.68
1/13/06,45.74
1/16/06,.
1/17/06,45.57
1/18/06,45.41
1/19/06,45.72
1/20/06,44.93
1/23/06,45.03
1/24/06,45.24
1/25/06,45.13
1/26/06,45.5
1/27/06,45.82
1/30/06,45.87
1/31/06,45.78
2/1/06,45.83
2/2/06,45.44
2/3/06,45.21
2/6/06,45.28
2/7/06,44.86
2/8/06,45.19
2/9/06,45.11
2/10/06,45.19
2/13/06,44.99
2/14/06,45.42
2/15/06,45.61
2/16/06,45.97
2/17/06,45.91
2/20/06,.
2/21/06,45.76
2/22/06,46.1
2/23/06,45.97
2/24/06,46.07
2/27/06,46.25
2/28/06,45.76
3/1/06,46.18
3/2/06,46.13
3/3/06,46.06
3/6/06,45.74
3/7/06,45.55
3/8/06,45.62
3/9/06,45.41
3/10/06,45.73
3/13/06,45.84
3/14/06,46.31
3/15/06,46.54
3/16/06,46.61
3/17/06,46.71
3/20/06,46.66
3/21/06,46.34
3/22/06,46.64
3/23/06,46.57
3/24/06,46.68
3/27/06,46.64
3/28/06,46.4
3/29/06,46.82
3/30/06,46.75
3/31/06,46.65
4/3/06,46.67
4/4/06,46.93
4/5/06,47.14
4/6/06,47.08
4/7/06,46.61
4/10/06,46.6
4/11/06,46.22
4/12/06,46.3
4/13/06,46.36
4/14/06,.
4/17/06,46.25
4/18/06,47.05
4/19/06,47.24
4/20/06,47.25
4/21/06,47.23
4/24/06,47.09
4/25/06,46.89
4/26/06,46.99
4/27/06,47.1
4/28/06,47.14
5/1/06,46.97
5/2/06,47.23
5/3/06,47.09
5/4/06,47.29
5/5/06,47.78
5/8/06,47.78
5/9/06,47.78
5/10/06,47.71
5/11/06,47.06
5/12/06,46.47
5/15/06,46.49
5/16/06,46.43
5/17/06,45.67
5/18/06,45.35
5/19/06,45.54
5/22/06,45.29
5/23/06,45.1
5/24/06,45.13
5/25/06,45.7
5/26/06,45.98
5/29/06,.
5/30/06,45.24
5/31/06,45.67
6/1/06,46.27
6/2/06,46.36
6/5/06,45.5
6/6/06,45.37
6/7/06,45.1
6/8/06,45.11
6/9/06,44.93
6/12/06,44.26
6/13/06,43.76
6/14/06,43.97
6/15/06,45.01
6/16/06,44.83
6/19/06,44.38
6/20/06,44.34
6/21/06,44.85
6/22/06,44.64
6/23/06,44.68
6/26/06,44.91
6/27/06,44.48
6/28/06,44.7
6/29/06,45.74
6/30/06,45.76
7/3/06,46.1
7/4/06,.
7/5/06,45.72
7/6/06,45.82
7/7/06,45.46
7/10/06,45.49
7/11/06,45.68
7/12/06,45.17
7/13/06,44.53
7/14/06,44.27
7/17/06,44.17
7/18/06,44.25
7/19/06,45.12
7/20/06,44.62
7/21/06,44.21
7/24/06,45
7/25/06,45.33
7/26/06,45.28
7/27/06,45.03
7/28/06,45.62
7/31/06,45.59
8/1/06,45.32
8/2/06,45.61
8/3/06,45.74
8/4/06,45.69
8/7/06,45.53
8/8/06,45.33
8/9/06,45.1
8/10/06,45.32
8/11/06,45.11
8/14/06,45.17
8/15/06,45.83
8/16/06,46.26
8/17/06,46.33
8/18/06,46.48
8/21/06,46.28
8/22/06,46.33
8/23/06,46.07
8/24/06,46.15
8/25/06,46.13
8/28/06,46.4
8/29/06,46.55
8/30/06,46.63
8/31/06,46.66
9/1/06,46.9
9/4/06,.
9/5/06,47.02
9/6/06,46.49
9/7/06,46.27
9/8/06,46.42
9/11/06,46.41
9/12/06,46.96
9/13/06,47.19
9/14/06,47.11
9/15/06,47.23
9/18/06,47.26
9/19/06,47.14
9/20/06,47.4
9/21/06,47.14
9/22/06,46.97
9/25/06,47.37
9/26/06,47.72
9/27/06,47.78
9/28/06,47.87
9/29/06,47.73
10/2/06,47.53
10/3/06,47.59
10/4/06,48.2
10/5/06,48.43
10/6/06,48.28
10/9/06,48.38
10/10/06,48.5
10/11/06,48.36
10/12/06,48.87
10/13/06,49.01
10/16/06,49.2
10/17/06,48.99
10/18/06,49.04
10/19/06,49.11
10/20/06,49.09
10/23/06,49.38
10/24/06,49.4
10/25/06,49.58
10/26/06,49.91
10/27/06,49.47
10/30/06,49.52
10/31/06,49.5
11/1/06,49.08
11/2/06,49.05
11/3/06,49
11/6/06,49.58
11/7/06,49.68
11/8/06,49.84
11/9/06,49.58
11/10/06,49.72
11/13/06,49.86
11/14/06,50.24
11/15/06,50.43
11/16/06,50.51
11/17/06,50.54
11/20/06,50.56
11/21/06,50.68
11/22/06,50.82
11/23/06,.
11/24/06,50.69
11/27/06,49.91
11/28/06,50.07
11/29/06,50.57
11/30/06,50.65
12/1/06,50.51
12/4/06,51.01
12/5/06,51.21
12/6/06,51.17
12/7/06,50.96
12/8/06,51.04
12/11/06,51.13
12/12/06,51.04
12/13/06,51.1
12/14/06,51.51
12/15/06,51.54
12/18/06,51.3
12/19/06,51.38
12/20/06,51.34
12/21/06,51.15
12/22/06,50.92
12/25/06,.
12/26/06,51.14
12/27/06,51.54
12/28/06,51.46
12/29/06,51.22
1/1/07,.
1/2/07,.
1/3/07,51.19
1/4/07,51.27
1/5/07,50.9
1/8/07,51.03
1/9/07,51.05
1/10/07,51.19
1/11/07,51.58
1/12/07,51.85
1/15/07,.
1/16/07,51.88
1/17/07,51.83
1/18/07,51.59
1/19/07,51.79
1/22/07,51.51
1/23/07,51.74
1/24/07,52.19
1/25/07,51.62
1/26/07,51.61
1/29/07,51.63
1/30/07,51.92
1/31/07,52.26
2/1/07,52.57
2/2/07,52.67
2/5/07,52.61
2/6/07,52.69
2/7/07,52.83
2/8/07,52.78
2/9/07,52.38
2/12/07,52.19
2/13/07,52.59
2/14/07,52.97
2/15/07,53.04
2/16/07,53.05
2/19/07,.
2/20/07,53.28
2/21/07,53.24
2/22/07,53.22
2/23/07,53.05
2/26/07,52.96
2/27/07,51.17
2/28/07,51.42
3/1/07,51.3
3/2/07,50.66
3/5/07,50.08
3/6/07,50.9
3/7/07,50.8
3/8/07,51.16
3/9/07,51.23
3/12/07,51.39
3/13/07,50.36
3/14/07,50.65
3/15/07,50.89
3/16/07,50.68
3/19/07,51.24
3/20/07,51.58
3/21/07,52.43
3/22/07,52.44
3/23/07,52.5
3/26/07,52.52
3/27/07,52.2
3/28/07,51.84
3/29/07,52
3/30/07,51.98
4/2/07,52.12
4/3/07,52.61
4/4/07,52.66
4/5/07,52.84
4/6/07,.
4/9/07,52.87
4/10/07,53
4/11/07,52.67
4/12/07,53
4/13/07,53.19
4/16/07,53.75
4/17/07,53.82
4/18/07,53.82
4/19/07,53.7
4/20/07,54.18
4/23/07,54.09
4/24/07,54.05
4/25/07,54.55
4/26/07,54.55
4/27/07,54.5
4/30/07,53.99
5/1/07,54.1
5/2/07,54.54
5/3/07,54.75
5/4/07,54.88
5/7/07,54.99
5/8/07,54.92
5/9/07,55.14
5/10/07,54.37
5/11/07,54.91
5/14/07,54.76
5/15/07,54.61
5/16/07,55.04
5/17/07,54.99
5/18/07,55.34
5/21/07,55.52
5/22/07,55.59
5/23/07,55.5
5/24/07,54.9
5/25/07,55.22
5/28/07,.
5/29/07,55.39
5/30/07,55.86
5/31/07,55.94
6/1/07,56.2
6/4/07,56.33
6/5/07,56.02
6/6/07,55.52
6/7/07,54.54
6/8/07,55.13
6/11/07,55.18
6/12/07,54.6
6/13/07,55.38
6/14/07,55.65
6/15/07,56.05
6/18/07,55.99
6/19/07,56.08
6/20/07,55.36
6/21/07,55.68
6/22/07,55.05
6/25/07,54.82
6/26/07,54.64
6/27/07,55.17
6/28/07,55.18
6/29/07,55.09
7/2/07,55.7
7/3/07,55.9
7/4/07,.
7/5/07,55.97
7/6/07,56.19
7/9/07,56.25
7/10/07,55.45
7/11/07,55.75
7/12/07,56.73
7/13/07,56.9
7/16/07,56.74
7/17/07,56.74
7/18/07,56.62
7/19/07,56.89
7/20/07,56.2
7/23/07,56.39
7/24/07,55.25
7/25/07,55.43
7/26/07,54.15
7/27/07,53.33
7/30/07,53.85
7/31/07,53.23
8/1/07,53.5
8/2/07,53.78
8/3/07,52.34
8/6/07,53.4
8/7/07,53.76
8/8/07,54.58
8/9/07,53.12
8/10/07,53.12
8/13/07,53.1
8/14/07,52.12
8/15/07,51.35
8/16/07,51.52
8/17/07,52.75
8/20/07,52.8
8/21/07,52.9
8/22/07,53.55
8/23/07,53.45
8/24/07,54.09
8/27/07,53.63
8/28/07,52.38
8/29/07,53.52
8/30/07,53.31
8/31/07,53.93
9/3/07,.
9/4/07,54.51
9/5/07,53.95
9/6/07,54.17
9/7/07,53.26
9/10/07,53.11
9/11/07,53.82
9/12/07,53.81
9/13/07,54.2
9/14/07,54.27
9/17/07,53.95
9/18/07,55.52
9/19/07,55.89
9/20/07,55.53
9/21/07,55.78
9/24/07,55.5
9/25/07,55.47
9/26/07,55.79
9/27/07,56.06
9/28/07,55.88
10/1/07,56.66
10/2/07,56.73
10/3/07,56.45
10/4/07,56.58
10/5/07,57.22
10/8/07,57.06
10/9/07,57.52
10/10/07,57.5
10/11/07,57.17
10/12/07,57.47
10/15/07,56.95
10/16/07,56.58
10/17/07,56.7
10/18/07,56.66
10/19/07,55.24
10/22/07,55.5
10/23/07,56.01
10/24/07,55.83
10/25/07,55.73
10/26/07,56.49
10/29/07,56.73
10/30/07,56.37
10/31/07,57.07
11/1/07,55.58
11/2/07,55.61
11/5/07,55.27
11/6/07,55.93
11/7/07,54.39
11/8/07,54.38
11/9/07,53.6
11/12/07,53
11/13/07,54.5
11/14/07,54.15
11/15/07,53.47
11/16/07,53.7
11/19/07,52.74
11/20/07,52.89
11/21/07,52.11
11/22/07,.
11/23/07,52.95
11/26/07,51.82
11/27/07,52.52
11/28/07,54.06
11/29/07,54.08
11/30/07,54.48
12/3/07,54.18
12/4/07,53.83
12/5/07,54.62
12/6/07,55.5
12/7/07,55.47
12/10/07,55.9
12/11/07,54.48
12/12/07,54.75
12/13/07,54.78
12/14/07,54.02
12/17/07,53.15
12/18/07,53.5
12/19/07,53.48
12/20/07,53.82
12/21/07,54.72
12/24/07,55.2
12/25/07,.
12/26/07,55.26
12/27/07,54.44
12/28/07,54.49
12/31/07,54.16
1/1/08,.
1/2/08,53.41
1/3/08,53.32
1/4/08,51.94
1/7/08,52.01
1/8/08,51.05
1/9/08,51.63
1/10/08,52.09
1/11/08,51.35
1/14/08,51.88
1/15/08,50.62
1/16/08,50.37
1/17/08,48.97
1/18/08,48.67
1/21/08,.
1/22/08,48.24
1/23/08,49.28
1/24/08,49.77
1/25/08,49.1
1/28/08,49.96
1/29/08,50.26
1/30/08,49.96
1/31/08,50.85
2/1/08,51.56
2/4/08,51.06
2/5/08,49.53
2/6/08,49.12
2/7/08,49.53
2/8/08,49.37
2/11/08,49.66
2/12/08,49.97
2/13/08,50.71
2/14/08,50.02
2/15/08,50.01
2/18/08,.
2/19/08,49.99
2/20/08,50.41
2/21/08,49.75
2/22/08,50.07
2/25/08,50.82
2/26/08,51.18
2/27/08,51.12
2/28/08,50.65
2/29/08,49.33
3/3/08,49.32
3/4/08,49.12
3/5/08,49.42
3/6/08,48.29
3/7/08,47.88
3/10/08,47.04
3/11/08,48.74
3/12/08,48.36
3/13/08,48.69
3/14/08,47.68
3/17/08,47.08
3/18/08,49.02
3/19/08,47.85
3/20/08,48.95
3/21/08,.
3/24/08,49.81
3/25/08,50.01
3/26/08,49.62
3/27/08,49.07
3/28/08,48.67
3/31/08,48.95
4/1/08,50.62
4/2/08,50.59
4/3/08,50.69
4/4/08,50.77
4/7/08,50.85
4/8/08,50.66
4/9/08,50.17
4/10/08,50.45
4/11/08,49.44
4/14/08,49.27
4/15/08,49.51
4/16/08,50.66
4/17/08,50.63
4/18/08,51.51
4/21/08,51.43
4/22/08,50.95
4/23/08,51.08
4/24/08,51.41
4/25/08,51.78
4/28/08,51.78
4/29/08,51.58
4/30/08,51.43
5/1/08,52.28
5/2/08,52.39
5/5/08,52.21
5/6/08,52.61
5/7/08,51.74
5/8/08,51.94
5/9/08,51.65
5/12/08,52.21
5/13/08,52.28
5/14/08,52.47
5/15/08,53.02
5/16/08,53.1
5/19/08,53.1
5/20/08,52.68
5/21/08,51.85
5/22/08,52.02
5/23/08,51.38
5/26/08,.
5/27/08,51.77
5/28/08,52.04
5/29/08,52.36
5/30/08,52.53
6/2/08,52.03
6/3/08,51.8
6/4/08,51.82
6/5/08,52.84
6/6/08,51.32
6/9/08,51.29
6/10/08,51.12
6/11/08,50.28
6/12/08,50.43
6/13/08,51.21
6/16/08,51.31
6/17/08,51.03
6/18/08,50.54
6/19/08,50.74
6/20/08,49.84
6/23/08,49.77
6/24/08,49.49
6/25/08,49.81
6/26/08,48.42
6/27/08,48.26
6/30/08,48.23
7/1/08,48.36
7/2/08,47.39
7/3/08,47.29
7/4/08,.
7/7/08,46.88
7/8/08,47.75
7/9/08,46.73
7/10/08,47.05
7/11/08,46.65
7/14/08,46.21
7/15/08,45.74
7/16/08,46.9
7/17/08,47.45
7/18/08,47.42
7/21/08,47.52
7/22/08,48.18
7/23/08,48.32
7/24/08,47.16
7/25/08,47.4
7/28/08,46.57
7/29/08,47.64
7/30/08,48.39
7/31/08,47.83
8/1/08,47.61
8/4/08,47.06
8/5/08,48.3
8/6/08,48.54
8/7/08,47.7
8/8/08,48.78
8/11/08,49.2
8/12/08,48.67
8/13/08,48.62
8/14/08,48.92
8/15/08,49.09
8/18/08,48.38
8/19/08,47.91
8/20/08,48.17
8/21/08,48.24
8/22/08,48.79
8/25/08,47.85
8/26/08,48.02
8/27/08,48.45
8/28/08,49.19
8/29/08,48.58
9/1/08,.
9/2/08,48.36
9/3/08,48.24
9/4/08,46.86
9/5/08,47.04
9/8/08,47.87
9/9/08,46.21
9/10/08,46.56
9/11/08,47.11
9/12/08,47.3
9/15/08,45.15
9/16/08,45.94
9/17/08,43.81
9/18/08,45.78
9/19/08,47.75
9/22/08,45.82
9/23/08,45.12
9/24/08,44.97
9/25/08,45.74
9/26/08,45.78
9/29/08,41.98
9/30/08,44.03
10/1/08,43.79
10/2/08,41.89
10/3/08,41.25
10/6/08,39.57
10/7/08,37.3
10/8/08,36.83
10/9/08,34.09
10/10/08,33.85
10/13/08,37.71
10/14/08,37.35
10/15/08,34
10/16/08,35.44
10/17/08,35.31
10/20/08,36.91
10/21/08,35.82
10/22/08,33.71
10/23/08,33.82
10/24/08,32.69
10/27/08,31.56
10/28/08,34.68
10/29/08,34.58
10/30/08,35.6
10/31/08,36.28
11/3/08,36.21
11/4/08,37.53
11/5/08,35.61
11/6/08,33.88
11/7/08,34.79
11/10/08,34.28
11/11/08,33.5
11/12/08,31.75
11/13/08,33.93
11/14/08,32.45
11/17/08,31.66
11/18/08,31.88
11/19/08,29.83
11/20/08,27.81
11/21/08,29.51
11/24/08,31.42
11/25/08,31.72
11/26/08,32.98
11/27/08,.
11/28/08,33.32
12/1/08,30.28
12/2/08,31.5
12/3/08,32.33
12/4/08,31.38
12/5/08,32.57
12/8/08,33.84
12/9/08,33.07
12/10/08,33.52
12/11/08,32.47
12/12/08,32.82
12/15/08,32.32
12/16/08,34.01
12/17/08,33.82
12/18/08,33.15
12/19/08,33.29
12/22/08,32.65
12/23/08,32.37
12/24/08,32.52
12/25/08,.
12/26/08,32.73
12/29/08,32.53
12/30/08,33.35
12/31/08,33.94
1/1/09,.
1/2/09,34.98
1/5/09,34.9
1/6/09,35.25
1/7/09,34.2
1/8/09,34.36
1/9/09,33.58
1/12/09,32.78
1/13/09,32.9
1/14/09,31.77
1/15/09,31.91
1/16/09,32.16
1/19/09,.
1/20/09,30.4
1/21/09,31.72
1/22/09,31.17
1/23/09,31.35
1/26/09,31.52
1/27/09,31.87
1/28/09,32.96
1/29/09,31.86
1/30/09,31.17
2/2/09,31.21
2/3/09,31.65
2/4/09,31.47
2/5/09,31.98
2/6/09,32.89
2/9/09,32.91
2/10/09,31.37
2/11/09,31.62
2/12/09,31.71
2/13/09,31.42
2/16/09,.
2/17/09,30.03
2/18/09,29.94
2/19/09,29.58
2/20/09,29.26
2/23/09,28.23
2/24/09,29.38
2/25/09,29.04
2/26/09,28.59
2/27/09,28.05
3/2/09,26.69
3/3/09,26.51
3/4/09,27.16
3/5/09,26
3/6/09,26.04
3/9/09,25.76
3/10/09,27.43
3/11/09,27.5
3/12/09,28.66
3/13/09,28.84
3/16/09,28.67
3/17/09,29.6
3/18/09,30.25
3/19/09,29.93
3/20/09,29.32
3/23/09,31.38
3/24/09,30.7
3/25/09,31.03
3/26/09,31.87
3/27/09,31.16
3/30/09,30.09
3/31/09,30.51
4/1/09,31
4/2/09,31.97
4/3/09,32.34
4/6/09,32.04
4/7/09,31.23
4/8/09,31.64
4/9/09,32.91
4/10/09,.
4/13/09,33
4/14/09,32.31
4/15/09,32.71
4/16/09,33.27
4/17/09,33.46
4/20/09,31.98
4/21/09,32.72
4/22/09,32.52
4/23/09,32.75
4/24/09,33.36
4/27/09,33
4/28/09,32.95
4/29/09,33.76
4/30/09,33.75
5/1/09,33.89
5/4/09,35.07
5/5/09,34.95
5/6/09,35.46
5/7/09,34.93
5/8/09,35.83
5/11/09,35.1
5/12/09,34.98
5/13/09,33.94
5/14/09,34.33
5/15/09,33.96
5/18/09,35.06
5/19/09,35.02
5/20/09,34.86
5/21/09,34.28
5/22/09,34.22
5/25/09,.
5/26/09,35.18
5/27/09,34.55
5/28/09,35.02
5/29/09,35.52
6/1/09,36.49
6/2/09,36.6
6/3/09,36.09
6/4/09,36.53
6/5/09,36.46
6/8/09,36.38
6/9/09,36.55
6/10/09,36.42
6/11/09,36.64
6/12/09,36.66
6/15/09,35.77
6/16/09,35.29
6/17/09,35.23
6/18/09,35.49
6/19/09,35.63
6/22/09,34.5
6/23/09,34.54
6/24/09,34.82
6/25/09,35.57
6/26/09,35.6
6/29/09,35.89
6/30/09,35.63
7/1/09,35.83
7/2/09,34.79
7/3/09,.
7/6/09,34.79
7/7/09,34.1
7/8/09,34.03
7/9/09,34.16
7/10/09,34.05
7/13/09,34.88
7/14/09,35.09
7/15/09,36.15
7/16/09,36.5
7/17/09,36.46
7/20/09,36.92
7/21/09,37.02
7/22/09,37.05
7/23/09,37.94
7/24/09,38.08
7/27/09,38.2
7/28/09,38.11
7/29/09,37.91
7/30/09,38.4
7/31/09,38.42
8/3/09,39.06
8/4/09,39.21
8/5/09,39.11
8/6/09,38.85
8/7/09,39.43
8/10/09,39.3
8/11/09,38.8
8/12/09,39.26
8/13/09,39.55
8/14/09,39.16
8/17/09,38.17
8/18/09,38.61
8/19/09,38.87
8/20/09,39.29
8/21/09,40.02
8/24/09,39.99
8/25/09,40.09
8/26/09,40.1
8/27/09,40.2
8/28/09,40.14
8/31/09,39.79
9/1/09,38.9
9/2/09,38.78
9/3/09,39.15
9/4/09,39.66
9/7/09,.
9/8/09,40.04
9/9/09,40.41
9/10/09,40.85
9/11/09,40.82
9/14/09,41.09
9/15/09,41.26
9/16/09,41.93
9/17/09,41.8
9/18/09,41.89
9/21/09,41.77
9/22/09,42.08
9/23/09,41.63
9/24/09,41.17
9/25/09,40.91
9/28/09,41.67
9/29/09,41.61
9/30/09,41.45
10/1/09,40.35
10/2/09,40.15
10/5/09,40.77
10/6/09,41.35
10/7/09,41.47
10/8/09,41.82
10/9/09,42.07
10/12/09,42.23
10/13/09,42.12
10/14/09,42.86
10/15/09,43.01
10/16/09,42.65
10/19/09,43.06
10/20/09,42.75
10/21/09,42.37
10/22/09,42.82
10/23/09,42.28
10/26/09,41.77
10/27/09,41.55
10/28/09,40.63
10/29/09,41.55
10/30/09,40.39
11/2/09,40.6
11/3/09,40.8
11/4/09,40.8
11/5/09,41.65
11/6/09,41.72
11/9/09,42.65
11/10/09,42.62
11/11/09,42.86
11/12/09,42.37
11/13/09,42.64
11/16/09,43.31
11/17/09,43.36
11/18/09,43.33
11/19/09,42.71
11/20/09,42.57
11/23/09,43.12
11/24/09,43.08
11/25/09,43.28
11/26/09,.
11/27/09,42.52
11/30/09,42.68
12/1/09,43.22
12/2/09,43.3
12/3/09,42.93
12/4/09,43.24
12/7/09,43.16
12/8/09,42.74
12/9/09,42.88
12/10/09,43.09
12/11/09,43.29
12/14/09,43.65
12/15/09,43.44
12/16/09,43.54
12/17/09,43.04
12/18/09,43.32
12/21/09,43.78
12/22/09,43.97
12/23/09,44.14
12/24/09,44.38
12/25/09,.
12/28/09,44.41
12/29/09,44.36
12/30/09,44.36
12/31/09,43.92
1/1/10,.
1/4/10,44.66
1/5/10,44.8
1/6/10,44.86
1/7/10,45.04
1/8/10,45.19
1/11/10,45.25
1/12/10,44.78
1/13/10,45.18
1/14/10,45.29
1/15/10,44.79
1/18/10,.
1/19/10,45.37
1/20/10,44.91
1/21/10,44.12
1/22/10,43.17
1/25/10,43.34
1/26/10,43.15
1/27/10,43.37
1/28/10,42.86
1/29/10,42.43
2/1/10,43.03
2/2/10,43.56
2/3/10,43.34
2/4/10,41.96
2/5/10,42.09
2/8/10,41.75
2/9/10,42.29
2/10/10,42.21
2/11/10,42.69
2/12/10,42.68
2/15/10,.
2/16/10,43.44
2/17/10,43.66
2/18/10,43.93
2/19/10,44.04
2/22/10,44.02
2/23/10,43.48
2/24/10,43.88
2/25/10,43.84
2/26/10,43.9
3/1/10,44.42
3/2/10,44.57
3/3/10,44.6
3/4/10,44.76
3/5/10,45.41
3/8/10,45.44
3/9/10,45.53
3/10/10,45.78
3/11/10,45.97
3/12/10,45.98
3/15/10,45.96
3/16/10,46.33
3/17/10,46.6
3/18/10,46.55
3/19/10,46.25
3/22/10,46.55
3/23/10,46.9
3/24/10,46.64
3/25/10,46.52
3/26/10,46.54
3/29/10,46.82
3/30/10,46.84
3/31/10,46.67
4/1/10,47.03
4/2/10,.
4/5/10,47.49
4/6/10,47.6
4/7/10,47.35
4/8/10,47.49
4/9/10,47.82
4/12/10,47.92
4/13/10,47.97
4/14/10,48.56
4/15/10,48.59
4/16/10,47.83
4/19/10,47.96
4/20/10,48.4
4/21/10,48.4
4/22/10,48.6
4/23/10,48.96
4/26/10,48.77
4/27/10,47.62
4/28/10,47.88
4/29/10,48.55
4/30/10,47.7
5/3/10,48.36
5/4/10,47.15
5/5/10,46.77
5/6/10,45.22
5/7/10,44.44
5/10/10,46.46
5/11/10,46.38
5/12/10,47.14
5/13/10,46.61
5/14/10,45.7
5/17/10,45.74
5/18/10,45.08
5/19/10,44.79
5/20/10,42.98
5/21/10,43.63
5/24/10,43.1
5/25/10,43.1
5/26/10,42.96
5/27/10,44.46
5/28/10,43.92
5/31/10,.
6/1/10,43.08
6/2/10,44.21
6/3/10,44.45
6/4/10,42.86
6/7/10,42.2
6/8/10,42.58
6/9/10,42.41
6/10/10,43.68
6/11/10,43.95
6/14/10,43.94
6/15/10,44.98
6/16/10,44.92
6/17/10,44.96
6/18/10,45
6/21/10,44.79
6/22/10,44.04
6/23/10,43.93
6/24/10,43.19
6/25/10,43.42
6/28/10,43.32
6/29/10,41.92
6/30/10,41.52
7/1/10,41.37
7/2/10,41.15
7/5/10,.
7/6/10,41.27
7/7/10,42.6
7/8/10,43.02
7/9/10,43.38
7/12/10,43.33
7/13/10,44.1
7/14/10,44.08
7/15/10,44.08
7/16/10,42.78
7/19/10,43.03
7/20/10,43.58
7/21/10,43.01
7/22/10,44.04
7/23/10,44.49
7/26/10,45.04
7/27/10,44.93
7/28/10,44.57
7/29/10,44.41
7/30/10,44.45
8/2/10,45.38
8/3/10,45.13
8/4/10,45.47
8/5/10,45.36
8/6/10,45.2
8/9/10,45.47
8/10/10,45.11
8/11/10,43.79
8/12/10,43.58
8/13/10,43.38
8/16/10,43.43
8/17/10,44.01
8/18/10,44.1
8/19/10,43.33
8/20/10,43.2
8/23/10,42.99
8/24/10,42.37
8/25/10,42.56
8/26/10,42.24
8/27/10,43.01
8/30/10,42.35
8/31/10,42.37
9/1/10,43.65
9/2/10,44.08
9/3/10,44.67
9/6/10,.
9/7/10,44.13
9/8/10,44.41
9/9/10,44.59
9/10/10,44.8
9/13/10,45.38
9/14/10,45.34
9/15/10,45.51
9/16/10,45.46
9/17/10,45.54
9/20/10,46.28
9/21/10,46.12
9/22/10,45.88
9/23/10,45.5
9/24/10,46.51
9/27/10,46.29
9/28/10,46.56
9/29/10,46.49
9/30/10,46.37
10/1/10,46.57
10/4/10,46.18
10/5/10,47.15
10/6/10,47.08
10/7/10,47.02
10/8/10,47.36
10/11/10,47.37
10/12/10,47.56
10/13/10,47.95
10/14/10,47.77
10/15/10,47.86
10/18/10,48.2
10/19/10,47.4
10/20/10,47.91
10/21/10,47.96
10/22/10,48.12
10/25/10,48.26
10/26/10,48.28
10/27/10,48.16
10/28/10,48.18
10/29/10,48.23
11/1/10,48.24
11/2/10,48.68
11/3/10,48.85
11/4/10,49.81
11/5/10,50.02
11/8/10,49.95
11/9/10,49.54
11/10/10,49.81
11/11/10,49.63
11/12/10,48.99
11/15/10,48.95
11/16/10,48.14
11/17/10,48.19
11/18/10,48.94
11/19/10,49.11
11/22/10,49.1
11/23/10,48.43
11/24/10,49.2
11/25/10,.
11/26/10,48.88
11/29/10,48.82
11/30/10,48.53
12/1/10,49.54
12/2/10,50.14
12/3/10,50.32
12/6/10,50.31
12/7/10,50.35
12/8/10,50.48
12/9/10,50.68
12/10/10,51.01
12/13/10,50.98
12/14/10,51
12/15/10,50.72
12/16/10,51.06
12/17/10,51.13
12/20/10,51.27
12/21/10,51.64
12/22/10,51.8
12/23/10,51.71
12/24/10,.
12/27/10,51.77
12/28/10,51.78
12/29/10,51.87
12/30/10,51.82
12/31/10,51.77
1/3/11,52.39
1/4/11,52.22
1/5/11,52.53
1/6/11,52.44
1/7/11,52.34
1/10/11,52.32
1/11/11,52.53
1/12/11,52.98
1/13/11,52.9
1/14/11,53.28
1/17/11,.
1/18/11,53.38
1/19/11,52.71
1/20/11,52.54
1/21/11,52.6
1/24/11,52.93
1/25/11,52.94
1/26/11,53.27
1/27/11,53.42
1/28/11,52.43
1/31/11,52.82
2/1/11,53.71
2/2/11,53.58
2/3/11,53.73
2/4/11,53.87
2/7/11,54.24
2/8/11,54.49
2/9/11,54.32
2/10/11,54.41
2/11/11,54.76
2/14/11,54.94
2/15/11,54.74
2/16/11,55.11
2/17/11,55.31
2/18/11,55.38
2/21/11,.
2/22/11,54.18
2/23/11,53.76
2/24/11,53.76
2/25/11,54.44
2/28/11,54.69
3/1/11,53.81
3/2/11,53.94
3/3/11,54.88
3/4/11,54.5
3/7/11,53.98
3/8/11,54.49
3/9/11,54.39
3/10/11,53.33
3/11/11,53.7
3/14/11,53.38
3/15/11,52.82
3/16/11,51.91
3/17/11,52.51
3/18/11,52.75
3/21/11,53.6
3/22/11,53.41
3/23/11,53.55
3/24/11,54.06
3/25/11,54.27
3/28/11,54.09
3/29/11,54.49
3/30/11,54.93
3/31/11,54.88
4/1/11,55.16
4/4/11,55.21
4/5/11,55.24
4/6/11,55.35
4/7/11,55.23
4/8/11,54.97
4/11/11,54.76
4/12/11,54.3
4/13/11,54.36
4/14/11,54.37
4/15/11,54.62
4/18/11,53.98
4/19/11,54.26
4/20/11,55.04
4/21/11,55.36
4/22/11,.
4/25/11,55.29
4/26/11,55.77
4/27/11,56.13
4/28/11,56.32
4/29/11,56.47
5/2/11,56.29
5/3/11,56
5/4/11,55.58
5/5/11,55.14
5/6/11,55.37
5/9/11,55.67
5/10/11,56.16
5/11/11,55.53
5/12/11,55.81
5/13/11,55.33
5/16/11,54.91
5/17/11,54.85
5/18/11,55.42
5/19/11,55.55
5/20/11,55.15
5/23/11,54.44
5/24/11,54.38
5/25/11,54.62
5/26/11,54.93
5/27/11,55.2
5/30/11,.
5/31/11,55.77
6/1/11,54.47
6/2/11,54.42
6/3/11,53.85
6/6/11,53.2
6/7/11,53.2
6/8/11,52.91
6/9/11,53.3
6/10/11,52.56
6/13/11,52.55
6/14/11,53.27
6/15/11,52.36
6/16/11,52.43
6/17/11,52.55
6/20/11,52.86
6/21/11,53.66
6/22/11,53.34
6/23/11,53.25
6/24/11,52.68
6/27/11,53.14
6/28/11,53.86
6/29/11,54.3
6/30/11,54.82
7/1/11,55.62
7/4/11,.
7/5/11,55.59
7/6/11,55.7
7/7/11,56.32
7/8/11,55.95
7/11/11,54.89
7/12/11,54.65
7/13/11,54.87
7/14/11,54.42
7/15/11,54.77
7/18/11,54.25
7/19/11,55.18
7/20/11,55.13
7/21/11,55.83
7/22/11,55.91
7/25/11,55.53
7/26/11,55.28
7/27/11,54.07
7/28/11,53.91
7/29/11,53.61
8/1/11,53.4
8/2/11,51.98
8/3/11,52.27
8/4/11,49.63
8/5/11,49.42
8/8/11,45.93
8/9/11,48.31
8/10/11,46.29
8/11/11,48.47
8/12/11,48.7
8/15/11,49.82
8/16/11,49.28
8/17/11,49.28
8/18/11,46.99
8/19/11,46.26
8/22/11,46.23
8/23/11,47.88
8/24/11,48.52
8/25/11,47.69
8/26/11,48.52
8/29/11,50.03
8/30/11,50.2
8/31/11,50.42
9/1/11,49.75
9/2/11,48.45
9/5/11,.
9/6/11,48.1
9/7/11,49.58
9/8/11,49.01
9/9/11,47.71
9/12/11,48.03
9/13/11,48.55
9/14/11,49.24
9/15/11,50.04
9/16/11,50.26
9/19/11,49.76
9/20/11,49.55
9/21/11,48.07
9/22/11,46.5
9/23/11,46.83
9/26/11,47.87
9/27/11,48.46
9/28/11,47.33
9/29/11,47.71
9/30/11,46.52
10/3/11,45.02
10/4/11,46.22
10/5/11,47.08
10/6/11,48.01
10/7/11,47.5
10/10/11,49.15
10/11/11,49.21
10/12/11,49.75
10/13/11,49.65
10/14/11,50.52
10/17/11,49.47
10/18/11,50.54
10/19/11,49.85
10/20/11,50.07
10/21/11,51.03
10/24/11,51.86
10/25/11,50.77
10/26/11,51.35
10/27/11,53.18
10/28/11,53.17
10/31/11,51.88
11/1/11,50.36
11/2/11,51.23
11/3/11,52.23
11/4/11,51.96
11/7/11,52.19
11/8/11,52.81
11/9/11,50.82
11/10/11,51.23
11/11/11,52.25
11/14/11,51.77
11/15/11,52.06
11/16/11,51.22
11/17/11,50.38
11/18/11,50.36
11/21/11,49.42
11/22/11,49.19
11/23/11,48.06
11/24/11,.
11/25/11,47.9
11/28/11,49.38
11/29/11,49.47
11/30/11,51.64
12/1/11,51.53
12/2/11,51.56
12/5/11,52.12
12/6/11,52.15
12/7/11,52.24
12/8/11,51.07
12/9/11,52
12/12/11,51.23
12/13/11,50.69
12/14/11,50.09
12/15/11,50.3
12/16/11,50.54
12/19/11,49.89
12/20/11,51.42
12/21/11,51.52
12/22/11,51.95
12/23/11,52.39
12/26/11,.
12/27/11,52.42
12/28/11,51.72
12/29/11,52.28
12/30/11,52.08
1/2/12,.
1/3/12,52.85
1/4/12,52.83
1/5/12,53.03
1/6/12,52.93
1/9/12,53.06
1/10/12,53.57
1/11/12,53.64
1/12/12,53.79
1/13/12,53.52
1/16/12,.
1/17/12,53.71
1/18/12,54.35
1/19/12,54.64
1/20/12,54.66
1/23/12,54.68
1/24/12,54.7
1/25/12,55.2
1/26/12,54.89
1/27/12,54.9
1/30/12,54.72
1/31/12,54.7
2/1/12,55.31
2/2/12,55.41
2/3/12,56.28
2/6/12,56.25
2/7/12,56.34
2/8/12,56.46
2/9/12,56.54
2/10/12,56.11
2/13/12,56.54
2/14/12,56.48
2/15/12,56.21
2/16/12,56.91
2/17/12,57.01
2/20/12,.
2/21/12,56.96
2/22/12,56.74
2/23/12,57.07
2/24/12,57.16
2/27/12,57.23
2/28/12,57.36
2/29/12,57.05
3/1/12,57.42
3/2/12,57.15
3/5/12,56.94
3/6/12,56.02
3/7/12,56.47
3/8/12,57.04
3/9/12,57.31
3/12/12,57.27
3/13/12,58.32
3/14/12,58.17
3/15/12,58.54
3/16/12,58.58
3/19/12,58.84
3/20/12,58.6
3/21/12,58.54
3/22/12,58.09
3/23/12,58.32
3/26/12,59.13
3/27/12,58.95
3/28/12,58.65
3/29/12,58.55
3/30/12,58.73
4/2/12,59.17
4/3/12,58.98
4/4/12,58.32
4/5/12,58.3
4/6/12,.
4/9/12,57.61
4/10/12,56.54
4/11/12,57.03
4/12/12,57.85
4/13/12,57.16
4/16/12,57.11
4/17/12,57.97
4/18/12,57.73
4/19/12,57.43
4/20/12,57.52
4/23/12,56.97
4/24/12,57.16
4/25/12,57.97
4/26/12,58.39
4/27/12,58.6
4/30/12,58.34
5/1/12,58.62
5/2/12,58.53
5/3/12,58
5/4/12,57.07
5/7/12,57.11
5/8/12,56.87
5/9/12,56.52
5/10/12,56.69
5/11/12,56.53
5/14/12,55.88
5/15/12,55.6
5/16/12,55.35
5/17/12,54.42
5/18/12,53.95
5/21/12,54.9
5/22/12,54.91
5/23/12,55.05
5/24/12,55.12
5/25/12,55.04
5/28/12,.
5/29/12,55.67
5/30/12,54.83
5/31/12,54.71
6/1/12,53.29
6/4/12,53.24
6/5/12,53.64
6/6/12,54.89
6/7/12,54.82
6/8/12,55.28
6/11/12,54.5
6/12/12,55.12
6/13/12,54.7
6/14/12,55.26
6/15/12,55.83
6/18/12,55.96
6/19/12,56.57
6/20/12,56.49
6/21/12,55.23
6/22/12,55.65
6/25/12,54.75
6/26/12,55.04
6/27/12,55.56
6/28/12,55.45
6/29/12,56.86
7/2/12,57.07
7/3/12,57.51
7/4/12,.
7/5/12,57.3
7/6/12,56.76
7/9/12,56.64
7/10/12,56.16
7/11/12,56.12
7/12/12,55.86
7/13/12,56.75
7/16/12,56.59
7/17/12,56.98
7/18/12,57.36
7/19/12,57.49
7/20/12,56.91
7/23/12,56.35
7/24/12,55.81
7/25/12,55.8
7/26/12,56.64
7/27/12,57.71
7/30/12,57.65
7/31/12,57.37
8/1/12,57.09
8/2/12,56.71
8/3/12,57.81
8/6/12,57.99
8/7/12,58.32
8/8/12,58.35
8/9/12,58.42
8/10/12,58.53
8/13/12,58.46
8/14/12,58.44
8/15/12,58.6
8/16/12,59.02
8/17/12,59.18
8/20/12,59.14
8/21/12,58.96
8/22/12,58.95
8/23/12,58.5
8/24/12,58.85
8/27/12,58.82
8/28/12,58.84
8/29/12,58.92
8/30/12,58.47
8/31/12,58.76
9/3/12,.
9/4/12,58.81
9/5/12,58.78
9/6/12,59.96
9/7/12,60.22
9/10/12,59.88
9/11/12,60.06
9/12/12,60.24
9/13/12,61.16
9/14/12,61.51
9/17/12,61.25
9/18/12,61.14
9/19/12,61.24
9/20/12,61.13
9/21/12,61.16
9/24/12,60.98
9/25/12,60.3
9/26/12,59.97
9/27/12,60.56
9/28/12,60.31
10/1/12,60.45
10/2/12,60.52
10/3/12,60.73
10/4/12,61.17
10/5/12,61.16
10/8/12,60.94
10/9/12,60.32
10/10/12,59.98
10/11/12,60.06
10/12/12,59.85
10/15/12,60.31
10/16/12,60.91
10/17/12,61.2
10/18/12,61.03
10/19/12,60.03
10/22/12,60.02
10/23/12,59.26
10/24/12,59.13
10/25/12,59.29
10/26/12,59.21
10/29/12,.
10/30/12,.
10/31/12,59.3
11/1/12,59.99
11/2/12,59.39
11/5/12,59.54
11/6/12,60.01
11/7/12,58.67
11/8/12,57.95
11/9/12,58.02
11/12/12,58
11/13/12,57.77
11/14/12,56.95
11/15/12,56.81
11/16/12,57.17
11/19/12,58.3
11/20/12,58.36
11/21/12,58.54
11/22/12,.
11/23/12,59.27
11/26/12,59.19
11/27/12,58.94
11/28/12,59.41
11/29/12,59.73
11/30/12,59.77
12/3/12,59.5
12/4/12,59.41
12/5/12,59.49
12/6/12,59.67
12/7/12,59.84
12/10/12,59.91
12/11/12,60.3
12/12/12,60.27
12/13/12,59.93
12/14/12,59.7
12/17/12,60.38
12/18/12,61.11
12/19/12,60.77
12/20/12,61.11
12/21/12,60.57
12/24/12,60.43
12/25/12,.
12/26/12,60.09
12/27/12,60.04
12/28/12,59.45
12/31/12,60.47
1/1/13,.
1/2/13,62.03
1/3/13,61.96
1/4/13,62.31
1/7/13,62.14
1/8/13,61.98
1/9/13,62.2
1/10/13,62.61
1/11/13,62.63
1/14/13,62.59
1/15/13,62.71
1/16/13,62.68
1/17/13,63.05
1/18/13,63.25
1/21/13,.
1/22/13,63.57
1/23/13,63.64
1/24/13,63.7
1/25/13,64.08
1/28/13,63.99
1/29/13,64.21
1/30/13,63.94
1/31/13,63.89
2/1/13,64.51
2/4/13,63.77
2/5/13,64.42
2/6/13,64.51
2/7/13,64.4
2/8/13,64.78
2/11/13,64.74
2/12/13,64.86
2/13/13,64.95
2/14/13,65.04
2/15/13,64.96
2/18/13,.
2/19/13,65.43
2/20/13,64.56
2/21/13,64.12
2/22/13,64.71
2/25/13,63.54
2/26/13,63.92
2/27/13,64.74
2/28/13,64.72
3/1/13,64.86
3/4/13,65.16
3/5/13,65.79
3/6/13,65.88
3/7/13,66.05
3/8/13,66.39
3/11/13,66.57
3/12/13,66.42
3/13/13,66.56
3/14/13,66.94
3/15/13,66.82
3/18/13,66.47
3/19/13,66.29
3/20/13,66.79
3/21/13,66.26
3/22/13,66.68
3/25/13,66.49
3/26/13,66.99
3/27/13,66.99
3/28/13,67.26
3/29/13,.
4/1/13,66.9
4/2/13,67.11
4/3/13,66.34
4/4/13,66.63
4/5/13,66.38
4/8/13,66.87
4/9/13,67.06
4/10/13,67.89
4/11/13,68.14
4/12/13,67.95
4/15/13,66.26
4/16/13,67.25
4/17/13,66.28
4/18/13,65.84
4/19/13,66.48
4/22/13,66.77
4/23/13,67.5
4/24/13,67.56
4/25/13,67.87
4/26/13,67.73
4/29/13,68.19
4/30/13,68.42
5/1/13,67.68
5/2/13,68.36
5/3/13,69.11
5/6/13,69.28
5/7/13,69.65
5/8/13,69.96
5/9/13,69.74
5/10/13,70.1
5/13/13,70.09
5/14/13,70.82
5/15/13,71.18
5/16/13,70.81
5/17/13,71.53
5/20/13,71.5
5/21/13,71.63
5/22/13,70.94
5/23/13,70.76
5/24/13,70.71
5/27/13,.
5/28/13,71.21
5/29/13,70.65
5/30/13,70.94
5/31/13,70
6/3/13,70.33
6/4/13,69.92
6/5/13,68.97
6/6/13,69.62
6/7/13,70.49
6/10/13,70.52
6/11/13,69.77
6/12/13,69.2
6/13/13,70.23
6/14/13,69.85
6/17/13,70.36
6/18/13,70.91
6/19/13,69.98
6/20/13,68.22
6/21/13,68.35
6/24/13,67.53
6/25/13,68.22
6/26/13,68.87
6/27/13,69.43
6/28/13,69.21
7/1/13,69.69
7/2/13,69.63
7/3/13,69.67
7/4/13,.
7/5/13,70.39
7/8/13,70.75
7/9/13,71.29
7/10/13,71.33
7/11/13,72.3
7/12/13,72.52
7/15/13,72.67
7/16/13,72.36
7/17/13,72.6
7/18/13,72.99
7/19/13,73.06
7/22/13,73.24
7/23/13,73.12
7/24/13,72.8
7/25/13,73.12
7/26/13,73.13
7/29/13,72.85
7/30/13,72.93
7/31/13,72.94
8/1/13,73.93
8/2/13,74.03
8/5/13,73.99
8/6/13,73.51
8/7/13,73.19
8/8/13,73.51
8/9/13,73.34
8/12/13,73.3
8/13/13,73.41
8/14/13,73.05
8/15/13,71.99
8/16/13,71.76
8/19/13,71.3
8/20/13,71.71
8/21/13,71.32
8/22/13,71.97
8/23/13,72.26
8/26/13,72.04
8/27/13,70.82
8/28/13,71.02
8/29/13,71.26
8/30/13,70.91
9/2/13,.
9/3/13,71.21
9/4/13,71.78
9/5/13,71.9
9/6/13,71.95
9/9/13,72.75
9/10/13,73.31
9/11/13,73.53
9/12/13,73.28
9/13/13,73.48
9/16/13,73.83
9/17/13,74.21
9/18/13,75.09
9/19/13,75.02
9/20/13,74.52
9/23/13,74.18
9/24/13,74.07
9/25/13,73.92
9/26/13,74.24
9/27/13,73.96
9/30/13,73.59
10/1/13,74.27
10/2/13,74.2
10/3/13,73.52
10/4/13,74.05
10/7/13,73.37
10/8/13,72.38
10/9/13,72.34
10/10/13,73.95
10/11/13,74.48
10/14/13,74.8
10/15/13,74.26
10/16/13,75.27
10/17/13,75.83
10/18/13,76.39
10/21/13,76.38
10/22/13,76.79
10/23/13,76.41
10/24/13,76.73
10/25/13,76.98
10/28/13,77.02
10/29/13,77.41
10/30/13,76.95
10/31/13,76.67
11/1/13,76.83
11/4/13,77.18
11/5/13,76.97
11/6/13,77.18
11/7/13,76.06
11/8/13,77.09
11/11/13,77.17
11/12/13,77.02
11/13/13,77.71
11/14/13,78.05
11/15/13,78.39
11/18/13,77.98
11/19/13,77.73
11/20/13,77.48
11/21/13,78.22
11/22/13,78.61
11/25/13,78.5
11/26/13,78.63
11/27/13,78.88
11/28/13,.
11/29/13,78.84
12/2/13,78.58
12/3/13,78.32
12/4/13,78.26
12/5/13,78
12/6/13,78.79
12/9/13,78.92
12/10/13,78.66
12/11/13,77.73
12/12/13,77.55
12/13/13,77.64
12/16/13,78.14
12/17/13,77.97
12/18/13,79.16
12/19/13,79.07
12/20/13,79.62
12/23/13,80.12
12/24/13,80.39
12/25/13,.
12/26/13,80.73
12/27/13,80.69
12/30/13,80.7
12/31/13,81.04
1/1/14,.
1/2/14,80.34
1/3/14,80.38
1/6/14,80.13
1/7/14,80.66
1/8/14,80.67
1/9/14,80.69
1/10/14,80.94
1/13/14,79.92
1/14/14,80.83
1/15/14,81.24
1/16/14,81.19
1/17/14,80.89
1/20/14,.
1/21/14,81.17
1/22/14,81.3
1/23/14,80.62
1/24/14,78.89
1/27/14,78.36
1/28/14,78.96
1/29/14,78.13
1/30/14,79.11
1/31/14,78.65
2/3/14,76.74
2/4/14,77.33
2/5/14,77.16
2/6/14,78.09
2/7/14,79.11
2/10/14,79.24
2/11/14,80.09
2/12/14,80.17
2/13/14,80.73
2/14/14,81.07
2/17/14,.
2/18/14,81.3
2/19/14,80.74
2/20/14,81.28
2/21/14,81.2
2/24/14,81.71
2/25/14,81.64
2/26/14,81.75
2/27/14,82.17
2/28/14,82.29
3/3/14,81.73
3/4/14,83.06
3/5/14,83.07
3/6/14,83.19
3/7/14,83.19
3/10/14,83.1
3/11/14,82.62
3/12/14,82.72
3/13/14,81.75
3/14/14,81.64
3/17/14,82.35
3/18/14,83.01
3/19/14,82.47
3/20/14,82.89
3/21/14,82.63
3/24/14,82.09
3/25/14,82.35
3/26/14,81.61
3/27/14,81.49
3/28/14,81.84
3/31/14,82.61
4/1/14,83.34
4/2/14,83.57
4/3/14,83.32
4/4/14,82.14
4/7/14,81.15
4/8/14,81.57
4/9/14,82.52
4/10/14,80.71
4/11/14,79.88
4/14/14,80.43
4/15/14,80.92
4/16/14,81.83
4/17/14,81.99
4/18/14,.
4/21/14,82.31
4/22/14,82.78
4/23/14,82.51
4/24/14,82.58
4/25/14,81.72
4/28/14,81.82
4/29/14,82.27
4/30/14,82.55
5/1/14,82.63
5/2/14,82.59
5/5/14,82.72
5/6/14,81.9
5/7/14,82.29
5/8/14,82.06
5/9/14,82.25
5/12/14,83.21
5/13/14,83.15
5/14/14,82.7
5/15/14,81.98
5/16/14,82.29
5/19/14,82.67
5/20/14,82.05
5/21/14,82.69
5/22/14,82.98
5/23/14,83.39
5/26/14,.
5/27/14,83.95
5/28/14,83.84
5/29/14,84.28
5/30/14,84.35
6/2/14,84.4
6/3/14,84.35
6/4/14,84.58
6/5/14,85.24
6/6/14,85.69
6/9/14,85.84
6/10/14,85.79
6/11/14,85.49
6/12/14,84.92
6/13/14,85.19
6/16/14,85.28
6/17/14,85.56
6/18/14,86.17
6/19/14,86.29
6/20/14,86.45
6/23/14,86.47
6/24/14,85.88
6/25/14,86.36
6/26/14,86.29
6/27/14,86.53
6/30/14,86.61
7/1/14,87.23
7/2/14,87.18
7/3/14,87.64
7/4/14,.
7/7/14,87.11
7/8/14,86.42
7/9/14,86.82
7/10/14,86.41
7/11/14,86.52
7/14/14,86.93
7/15/14,86.67
7/16/14,86.96
7/17/14,85.95
7/18/14,86.88
7/21/14,86.67
7/22/14,87.13
7/23/14,87.29
7/24/14,87.34
7/25/14,86.86
7/28/14,86.81
7/29/14,86.5
7/30/14,86.57
7/31/14,84.84
8/1/14,84.57
8/4/14,85.21
8/5/14,84.47
8/6/14,84.49
8/7/14,84.08
8/8/14,85
8/11/14,85.39
8/12/14,85.18
8/13/14,85.79
8/14/14,86.16
8/15/14,86.17
8/18/14,86.95
8/19/14,87.37
8/20/14,87.55
8/21/14,87.77
8/22/14,87.66
8/25/14,88.07
8/26/14,88.24
8/27/14,88.25
8/28/14,88.09
8/29/14,88.44
9/1/14,.
9/2/14,88.49
9/3/14,88.37
9/4/14,88.19
9/5/14,88.61
9/8/14,88.42
9/9/14,87.81
9/10/14,88.14
9/11/14,88.29
9/12/14,87.71
9/15/14,87.45
9/16/14,88.07
9/17/14,88.21
9/18/14,88.61
9/19/14,88.47
9/22/14,87.58
9/23/14,87.04
9/24/14,87.72
9/25/14,86.34
9/26/14,87.1
9/29/14,86.93
9/30/14,86.59
10/1/14,85.41
10/2/14,85.52
10/3/14,86.42
10/6/14,86.21
10/7/14,84.9
10/8/14,86.29
10/9/14,84.44
10/10/14,83.37
10/13/14,82.02
10/14/14,82.25
10/15/14,81.88
10/16/14,82.15
10/17/14,83.06
10/20/14,83.85
10/21/14,85.5
10/22/14,84.77
10/23/14,85.85
10/24/14,86.37
10/27/14,86.22
10/28/14,87.37
10/29/14,87.21
10/30/14,87.72
10/31/14,88.77
11/3/14,88.79
11/4/14,88.44
11/5/14,88.86
11/6/14,89.26
11/7/14,89.36
11/10/14,89.64
11/11/14,89.7
11/12/14,89.75
11/13/14,89.71
11/14/14,89.76
11/17/14,89.74
11/18/14,90.22
11/19/14,90.03
11/20/14,90.31
11/21/14,90.76
11/24/14,91.1
11/25/14,91.04
11/26/14,91.33
11/27/14,.
11/28/14,90.94
12/1/14,90.07
12/2/14,90.67
12/3/14,91.11
12/4/14,90.98
12/5/14,91.15
12/8/14,90.35
12/9/14,90.5
12/10/14,88.95
12/11/14,89.37
12/12/14,87.99
12/15/14,87.36
12/16/14,86.71
12/17/14,88.62
12/18/14,90.62
12/19/14,91.02
12/22/14,91.38
12/23/14,91.58
12/24/14,91.62
12/25/14,.
12/26/14,91.96
12/29/14,92.1
12/30/14,91.69
12/31/14,90.82
1/1/15,.
1/2/15,90.81
1/5/15,89.16
1/6/15,88.28
1/7/15,89.31
1/8/15,90.87
1/9/15,90.14
1/12/15,89.44
1/13/15,89.24
1/14/15,88.76
1/15/15,87.87
1/16/15,89.09
1/19/15,.
1/20/15,89.15
1/21/15,89.56
1/22/15,90.95
1/23/15,90.54
1/26/15,90.96
1/27/15,89.91
1/28/15,88.66
1/29/15,89.48
1/30/15,88.36
2/2/15,89.41
2/3/15,90.73
2/4/15,90.38
2/5/15,91.4
2/6/15,91.13
2/9/15,90.7
2/10/15,91.59
2/11/15,91.59
2/12/15,92.52
2/13/15,92.94
2/16/15,.
2/17/15,93.08
2/18/15,93.12
2/19/15,93.05
2/20/15,93.64
2/23/15,93.56
2/24/15,93.77
2/25/15,93.81
2/26/15,93.67
2/27/15,93.39
3/2/15,93.96
3/3/15,93.58
3/4/15,93.19
3/5/15,93.34
3/6/15,92.06
3/9/15,92.38
3/10/15,90.94
3/11/15,90.89
3/12/15,92.04
3/13/15,91.53
3/16/15,92.62
3/17/15,92.44
3/18/15,93.51
3/19/15,93.17
3/20/15,93.99
3/23/15,93.83
3/24/15,93.33
3/25/15,91.9
3/26/15,91.7
3/27/15,91.99
3/30/15,93.12
3/31/15,92.43
4/1/15,92.11
4/2/15,92.44
4/3/15,.
4/6/15,93.01
4/7/15,92.78
4/8/15,93.11
4/9/15,93.41
4/10/15,93.85
4/13/15,93.48
4/14/15,93.62
4/15/15,94.13
4/16/15,94.07
4/17/15,92.96
4/20/15,93.78
4/21/15,93.68
4/22/15,94.11
4/23/15,94.38
4/24/15,94.53
4/27/15,94.05
4/28/15,94.28
4/29/15,93.9
4/30/15,92.89
5/1/15,93.79
5/4/15,94.07
5/5/15,92.95
5/6/15,92.65
5/7/15,93.01
5/8/15,94.16
5/11/15,93.78
5/12/15,93.55
5/13/15,93.53
5/14/15,94.5
5/15/15,94.57
5/18/15,94.96
5/19/15,94.87
5/20/15,94.81
5/21/15,95.01
5/22/15,94.82
5/25/15,.
5/26/15,93.86
5/27/15,94.72
5/28/15,94.6
5/29/15,94.04
6/1/15,94.22
6/2/15,94.19
6/3/15,94.48
6/4/15,93.66
6/5/15,93.69
6/8/15,93.07
6/9/15,93.06
6/10/15,94.13
6/11/15,94.34
6/12/15,93.77
6/15/15,93.36
6/16/15,93.88
6/17/15,94.05
6/18/15,94.97
6/19/15,94.52
6/22/15,95.05
6/23/15,95.16
6/24/15,94.43
6/25/15,94.15
6/26/15,94.12
6/29/15,92.13
6/30/15,92.43
7/1/15,92.98
7/2/15,92.9
7/3/15,.
7/6/15,92.56
7/7/15,93.09
7/8/15,91.57
7/9/15,91.81
7/10/15,92.94
7/13/15,93.97
7/14/15,94.42
7/15/15,94.22
7/16/15,94.91
7/17/15,94.93
7/20/15,94.9
7/21/15,94.47
7/22/15,94.29
7/23/15,93.73
7/24/15,92.77
7/27/15,92.16
7/28/15,93.29
7/29/15,94
7/30/15,94.07
7/31/15,93.96
8/3/15,93.65
8/4/15,93.49
8/5/15,93.74
8/6/15,92.94
8/7/15,92.64
8/10/15,93.83
8/11/15,92.98
8/12/15,93.08
8/13/15,92.96
8/14/15,93.36
8/17/15,93.94
8/18/15,93.62
8/19/15,92.83
8/20/15,90.79
8/21/15,88.15
8/24/15,84.7
8/25/15,83.7
8/26/15,86.7
8/27/15,88.81
8/28/15,89.02
8/31/15,88.32
9/1/15,85.79
9/2/15,87.3
9/3/15,87.45
9/4/15,86.23
9/7/15,.
9/8/15,88.33
9/9/15,87.15
9/10/15,87.56
9/11/15,87.93
9/14/15,87.57
9/15/15,88.62
9/16/15,89.39
9/17/15,89.29
9/18/15,87.9
9/21/15,88.24
9/22/15,87.09
9/23/15,86.85
9/24/15,86.53
9/25/15,86.35
9/28/15,84.03
9/29/15,83.94
9/30/15,85.57
10/1/15,85.73
10/2/15,87
10/5/15,88.68
10/6/15,88.32
10/7/15,89.16
10/8/15,89.92
10/9/15,90.03
10/12/15,90.06
10/13/15,89.37
10/14/15,88.86
10/15/15,90.23
10/16/15,90.57
10/19/15,90.59
10/20/15,90.47
10/21/15,89.78
10/22/15,91.07
10/23/15,92
10/26/15,91.8
10/27/15,91.42
10/28/15,92.69
10/29/15,92.55
10/30/15,92.18
11/2/15,93.35
11/3/15,93.63
11/4/15,93.33
11/5/15,93.27
11/6/15,93.27
11/9/15,92.35
11/10/15,92.52
11/11/15,92.12
11/12/15,90.78
11/13/15,89.83
11/16/15,91.08
11/17/15,90.95
11/18/15,92.4
11/19/15,92.27
11/20/15,92.6
11/23/15,92.57
11/24/15,92.77
11/25/15,92.88
11/26/15,.
11/27/15,92.98
11/30/15,92.54
12/1/15,93.44
12/2/15,92.44
12/3/15,91.04
12/4/15,92.66
12/7/15,91.86
12/8/15,91.34
12/9/15,90.67
12/10/15,90.88
12/11/15,89.05
12/14/15,89.26
12/15/15,90.24
12/16/15,91.59
12/17/15,90.26
12/18/15,88.79
12/21/15,89.47
12/22/15,90.28
12/23/15,91.48
12/24/15,91.37
12/25/15,.
12/28/15,91.12
12/29/15,92.06
12/30/15,91.38
12/31/15,90.61
1/1/16,.
1/4/16,89.23
1/5/16,89.39
1/6/16,88.19
1/7/16,86.03
1/8/16,85.08
1/11/16,85
1/12/16,85.53
1/13/16,83.27
1/14/16,84.62
1/15/16,82.82
1/18/16,.
1/19/16,82.61
1/20/16,81.73
1/21/16,82.13
1/22/16,83.93
1/25/16,82.52
1/26/16,83.81
1/27/16,82.85
1/28/16,83.28
1/29/16,85.39
2/1/16,85.36
2/2/16,83.67
2/3/16,84.05
2/4/16,84.28
2/5/16,82.52
2/8/16,81.15
2/9/16,81
2/10/16,81.05
2/11/16,80.06
2/12/16,81.66
2/15/16,.
2/16/16,83.15
2/17/16,84.61
2/18/16,84.23
2/19/16,84.27
2/22/16,85.51
2/23/16,84.5
2/24/16,84.95
2/25/16,85.9
2/26/16,85.91
2/29/16,85.34
3/1/16,87.33
3/2/16,87.82
3/3/16,88.27
3/4/16,88.58
3/7/16,88.8
3/8/16,87.61
3/9/16,88.06
3/10/16,87.94
3/11/16,89.47
3/14/16,89.35
3/15/16,89.02
3/16/16,89.63
3/17/16,90.33
3/18/16,90.76
3/21/16,90.82
3/22/16,90.78
3/23/16,89.99
3/24/16,89.99
3/25/16,.
3/28/16,90.04
3/29/16,91.03
3/30/16,91.41
3/31/16,91.35
4/1/16,91.86
4/4/16,91.48
4/5/16,90.56
4/6/16,91.58
4/7/16,90.49
4/8/16,90.78
4/11/16,90.52
4/12/16,91.42
4/13/16,92.48
4/14/16,92.46
4/15/16,92.42
4/18/16,93.04
4/19/16,93.35
4/20/16,93.47
4/21/16,92.99
4/22/16,93.14
4/25/16,92.93
4/26/16,93.2
4/27/16,93.42
4/28/16,92.57
4/29/16,92.12
5/2/16,92.83
5/3/16,91.87
5/4/16,91.36
5/5/16,91.3
5/6/16,91.65
5/9/16,91.72
5/10/16,92.84
5/11/16,91.98
5/12/16,91.92
5/13/16,91.17
5/16/16,92.08
5/17/16,91.22
5/18/16,91.21
5/19/16,90.91
5/20/16,91.61
5/23/16,91.43
5/24/16,92.7
5/25/16,93.33
5/26/16,93.29
5/27/16,93.75
5/30/16,.
5/31/16,93.72
6/1/16,93.94
6/2/16,94.28
6/3/16,93.95
6/6/16,94.49
6/7/16,94.63
6/8/16,94.98
6/9/16,94.74
6/10/16,93.74
6/13/16,92.98
6/14/16,92.77
6/15/16,92.72
6/16/16,92.93
6/17/16,92.68
6/20/16,93.32
6/21/16,93.54
6/22/16,93.36
6/23/16,94.68
6/24/16,91.28
6/27/16,89.43
6/28/16,91.06
6/29/16,92.69
6/30/16,93.95
7/1/16,94.18
7/4/16,.
7/5/16,93.44
7/6/16,93.97
7/7/16,93.95
7/8/16,95.44
7/11/16,95.85
7/12/16,96.59
7/13/16,96.54
7/14/16,96.98
7/15/16,96.93
7/18/16,97.18
7/19/16,97
7/20/16,97.47
7/21/16,97.12
7/22/16,97.61
7/25/16,97.34
7/26/16,97.44
7/27/16,97.28
7/28/16,97.48
7/29/16,97.69
8/1/16,97.51
8/2/16,96.78
8/3/16,97.22
8/4/16,97.27
8/5/16,98.13
8/8/16,98.1
8/9/16,98.14
8/10/16,97.86
8/11/16,98.33
8/12/16,98.3
8/15/16,98.67
8/16/16,98.1
8/17/16,98.22
8/18/16,98.53
8/19/16,98.39
8/22/16,98.38
8/23/16,98.63
8/24/16,98.07
8/25/16,98
8/26/16,97.83
8/29/16,98.36
8/30/16,98.22
8/31/16,97.99
9/1/16,98.03
9/2/16,98.55
9/5/16,.
9/6/16,98.83
9/7/16,98.95
9/8/16,98.74
9/9/16,96.25
9/12/16,97.61
9/13/16,96.1
9/14/16,96.05
9/15/16,97.03
9/16/16,96.69
9/19/16,96.79
9/20/16,96.76
9/21/16,97.86
9/22/16,98.61
9/23/16,98.07
9/26/16,97.25
9/27/16,97.79
9/28/16,98.38
9/29/16,97.41
9/30/16,98.21
10/3/16,97.9
10/4/16,97.42
10/5/16,97.89
10/6/16,97.84
10/7/16,97.48
10/10/16,98
10/11/16,96.76
10/12/16,96.86
10/13/16,96.52
10/14/16,96.5
10/17/16,96.23
10/18/16,96.83
10/19/16,97.1
10/20/16,96.94
10/21/16,96.95
10/24/16,97.46
10/25/16,97.01
10/26/16,96.74
10/27/16,96.33
10/28/16,96.07
10/31/16,96.12
11/1/16,95.41
11/2/16,94.67
11/3/16,94.27
11/4/16,94.19
11/7/16,96.24
11/8/16,96.64
11/9/16,97.96
11/10/16,98.23
11/11/16,98.37
11/14/16,98.63
11/15/16,99.37
11/16/16,99.24
11/17/16,99.75
11/18/16,99.6
11/21/16,100.34
11/22/16,100.68
11/23/16,100.81
11/24/16,.
11/25/16,101.2
11/28/16,100.56
11/29/16,100.7
11/30/16,100.48
12/1/16,100.05
12/2/16,100.1
12/5/16,100.84
12/6/16,101.31
12/7/16,102.59
12/8/16,102.98
12/9/16,103.43
12/12/16,103.16
12/13/16,103.75
12/14/16,102.84
12/15/16,103.27
12/16/16,103.11
12/19/16,103.36
12/20/16,103.82
12/21/16,103.57
12/22/16,103.29
12/23/16,103.5
12/26/16,.
12/27/16,103.76
12/28/16,102.87
12/29/16,102.87
12/30/16,102.42
1/2/17,.
1/3/17,103.27
1/4/17,104.12
1/5/17,103.95
1/6/17,104.24
1/9/17,103.83
1/10/17,103.93
1/11/17,104.23
1/12/17,103.94
1/13/17,104.23
1/16/17,.
1/17/17,103.8
1/18/17,104.04
1/19/17,103.62
1/20/17,103.97
1/23/17,103.72
1/24/17,104.57
1/25/17,105.4
1/26/17,105.32
1/27/17,105.15
1/30/17,104.42
1/31/17,104.43
2/1/17,104.47
2/2/17,104.5
2/3/17,105.35
2/6/17,105.07
2/7/17,105.03
2/8/17,105.15
2/9/17,105.88
2/10/17,106.29
2/13/17,106.8
2/14/17,107.24
2/15/17,107.77
2/16/17,107.61
2/17/17,107.81
2/20/17,.
2/21/17,108.47
2/22/17,108.29
2/23/17,108.19
2/24/17,108.34
2/27/17,108.57
2/28/17,108.13
3/1/17,109.63
3/2/17,108.89
3/3/17,108.95
3/6/17,108.55
3/7/17,108.16
3/8/17,107.87
3/9/17,107.85
3/10/17,108.21
3/13/17,108.35
3/14/17,107.96
3/15/17,108.95
3/16/17,108.88
3/17/17,108.8
3/20/17,108.54
3/21/17,106.99
3/22/17,107.15
3/23/17,107.15
3/24/17,107.11
3/27/17,107.03
3/28/17,107.8
3/29/17,108.03
3/30/17,108.4
3/31/17,108.27
4/3/17,107.98
4/4/17,108.04
4/5/17,107.59
4/6/17,107.95
4/7/17,107.87
4/10/17,107.99
4/11/17,107.96
4/12/17,107.46
4/13/17,106.68
4/14/17,.
4/17/17,107.63
4/18/17,107.4
4/19/17,107.3
4/20/17,108.15
4/21/17,107.83
4/24/17,109
4/25/17,109.71
4/26/17,109.73
4/27/17,109.78
4/28/17,109.46
5/1/17,109.71
5/2/17,109.73
5/3/17,109.45
5/4/17,109.41
5/5/17,109.96
5/8/17,109.89
5/9/17,109.79
5/10/17,110.04
5/11/17,109.74
5/12/17,109.54
5/15/17,110.12
5/16/17,110.05
5/17/17,107.99
5/18/17,108.43
5/19/17,109.2
5/22/17,109.8
5/23/17,110
5/24/17,110.29
5/25/17,110.71
5/26/17,110.75
5/29/17,.
5/30/17,110.52
5/31/17,110.5
6/1/17,111.53
6/2/17,111.92
6/5/17,111.72
6/6/17,111.41
6/7/17,111.56
6/8/17,111.74
6/9/17,111.64
6/12/17,111.55
6/13/17,112.15
6/14/17,111.96
6/15/17,111.64
6/16/17,111.62
6/19/17,112.53
6/20/17,111.7
6/21/17,111.61
6/22/17,111.65
6/23/17,111.97
6/26/17,112.07
6/27/17,111.13
6/28/17,112.23
6/29/17,111.31
6/30/17,111.48
7/3/17,111.79
7/4/17,.
7/5/17,111.83
7/6/17,110.74
7/7/17,111.5
7/10/17,111.51
7/11/17,111.52
7/12/17,112.35
7/13/17,112.55
7/14/17,113.07
7/17/17,113.1
7/18/17,113.14
7/19/17,113.81
7/20/17,113.79
7/21/17,113.71
7/24/17,113.69
7/25/17,114.11
7/26/17,114.07
7/27/17,113.9
7/28/17,113.72
7/31/17,113.61
8/1/17,113.9
8/2/17,113.77
8/3/17,113.52
8/4/17,113.78
8/7/17,113.94
8/8/17,113.62
8/9/17,113.48
8/10/17,111.82
8/11/17,111.99
8/14/17,113.16
8/15/17,113
8/16/17,113.2
8/17/17,111.45
8/18/17,111.27
8/21/17,111.36
8/22/17,112.5
8/23/17,112.21
8/24/17,112.06
8/25/17,112.28
8/28/17,112.34
8/29/17,112.44
8/30/17,113.05
8/31/17,113.78
9/1/17,114.08
9/4/17,.
9/5/17,113.17
9/6/17,113.49
9/7/17,113.44
9/8/17,113.26
9/11/17,114.48
9/12/17,114.91
9/13/17,115.02
9/14/17,114.93
9/15/17,115.13
9/18/17,115.36
9/19/17,115.48
9/20/17,115.63
9/21/17,115.3
9/22/17,115.43
9/25/17,115.2
9/26/17,115.27
9/27/17,115.91
9/28/17,116.08
9/29/17,116.5
10/2/17,117.04
10/3/17,117.33
10/4/17,117.42
10/5/17,118.06
10/6/17,117.96
10/9/17,117.71
10/10/17,117.99
10/11/17,118.19
10/12/17,118.01
10/13/17,118.07
10/16/17,118.24
10/17/17,118.24
10/18/17,118.34
10/19/17,118.35
10/20/17,118.96
10/23/17,118.41
10/24/17,118.6
10/25/17,118
10/26/17,118.2
10/27/17,119.18
10/30/17,118.68
10/31/17,118.95
11/1/17,119.04
11/2/17,119.08
11/3/17,119.41
11/6/17,119.59
11/7/17,119.41
11/8/17,119.57
11/9/17,119.1
11/10/17,119.1
11/13/17,119.19
11/14/17,118.9
11/15/17,118.29
11/16/17,119.44
11/17/17,119.28
11/20/17,119.51
11/21/17,120.3
11/22/17,120.25
11/23/17,.
11/24/17,120.49
11/27/17,120.38
11/28/17,121.58
11/29/17,121.56
11/30/17,122.52
12/1/17,122.32
12/4/17,122.15
12/5/17,121.62
12/6/17,121.51
12/7/17,122.04
12/8/17,122.66
12/11/17,123
12/12/17,123.11
12/13/17,123.13
12/14/17,122.6
12/15/17,123.69
12/18/17,124.51
12/19/17,124.05
12/20/17,124.01
12/21/17,124.31
12/22/17,124.26
12/25/17,.
12/26/17,124.21
12/27/17,124.29
12/28/17,124.59
12/29/17,123.92
1/1/18,.
1/2/18,124.96
1/3/18,125.72
1/4/18,126.17
1/5/18,126.95
1/8/18,127.22
1/9/18,127.37
1/10/18,127.25
1/11/18,128.33
1/12/18,129.1
1/15/18,.
1/16/18,128.5
1/17/18,129.67
1/18/18,129.4
1/19/18,130.15
1/22/18,131.23
1/23/18,131.59
1/24/18,131.41
1/25/18,131.48
1/26/18,132.89
1/29/18,131.97
1/30/18,130.59
1/31/18,130.56
2/1/18,130.56
2/2/18,127.84
2/5/18,122.78
2/6/18,124.76
2/7/18,124.29
2/8/18,119.77
2/9/18,121.4
2/12/18,123.04
2/13/18,123.43
2/14/18,125.21
2/15/18,126.69
2/16/18,126.75
2/19/18,.
2/20/18,125.95
2/21/18,125.34
2/22/18,125.39
2/23/18,127.31
2/26/18,128.68
2/27/18,127.03
2/28/18,125.66
3/1/18,124.22
3/2/18,125.02
3/5/18,126.38
3/6/18,126.84
3/7/18,126.94
3/8/18,127.42
3/9/18,129.54
3/12/18,129.49
3/13/18,128.67
3/14/18,128.02
3/15/18,127.75
3/16/18,128.12
3/19/18,126.35
3/20/18,126.51
3/21/18,126.42
3/22/18,123.33
3/23/18,120.8
3/26/18,123.91
3/27/18,121.7
3/28/18,121.4
3/29/18,123.05
3/30/18,.
4/2/18,120.31
4/3/18,121.77
4/4/18,123.17
4/5/18,124.08
4/6/18,121.46
4/9/18,121.79
4/10/18,123.87
4/11/18,123.34
4/12/18,124.28
4/13/18,123.84
4/16/18,124.91
4/17/18,126.29
4/18/18,126.45
4/19/18,125.81
4/20/18,124.83
4/23/18,124.81
4/24/18,123.24
4/25/18,123.38
4/26/18,124.59
4/27/18,124.66
4/30/18,123.71
5/1/18,124.03
5/2/18,123.27
5/3/18,122.97
5/4/18,124.55
5/7/18,125.07
5/8/18,125.13
5/9/18,126.27
5/10/18,127.35
5/11/18,127.57
5/14/18,127.62
5/15/18,126.9
5/16/18,127.52
5/17/18,127.55
5/18/18,127.28
5/21/18,128.2
5/22/18,127.7
5/23/18,128.09
5/24/18,127.85
5/25/18,127.59
5/28/18,.
5/29/18,126.37
5/30/18,128.04
5/31/18,127.18
6/1/18,128.49
6/4/18,129.13
6/5/18,129.33
6/6/18,130.4
6/7/18,130.26
6/8/18,130.67
6/11/18,130.85
6/12/18,131.17
6/13/18,130.66
6/14/18,131.07
6/15/18,130.95
6/18/18,130.88
6/19/18,130.4
6/20/18,130.75
6/21/18,129.83
6/22/18,130.02
6/25/18,128.13
6/26/18,128.5
6/27/18,127.23
6/28/18,127.99
6/29/18,128.11
7/2/18,128.53
7/3/18,128.03
7/4/18,.
7/5/18,129.16
7/6/18,130.29
7/9/18,131.43
7/10/18,131.72
7/11/18,130.82
7/12/18,131.98
7/13/18,132.1
7/16/18,131.88
7/17/18,132.43
7/18/18,132.78
7/19/18,132.44
7/20/18,132.25
7/23/18,132.45
7/24/18,132.71
7/25/18,133.82
7/26/18,133.53
7/27/18,132.42
7/30/18,131.57
7/31/18,132.31
8/1/18,132.18
8/2/18,133.07
8/3/18,133.52
8/6/18,134.15
8/7/18,134.51
8/8/18,134.47
8/9/18,134.45
8/10/18,133.66
8/13/18,133.05
8/14/18,133.97
8/15/18,132.82
8/16/18,133.94
8/17/18,134.4
8/20/18,134.78
8/21/18,135.17
8/22/18,135.23
8/23/18,134.97
8/24/18,135.8
8/27/18,136.76
8/28/18,136.77
8/29/18,137.5
8/30/18,136.95
8/31/18,137.04
9/3/18,.
9/4/18,136.84
9/5/18,136.35
9/6/18,135.8
9/7/18,135.49
9/10/18,135.82
9/11/18,136.33
9/12/18,136.4
9/13/18,137.01
9/14/18,137.15
9/17/18,136.23
9/18/18,136.95
9/19/18,136.98
9/20/18,138.04
9/21/18,137.86
9/24/18,137.36
9/25/18,137.3
9/26/18,136.72
9/27/18,137.11
9/28/18,137.15
10/1/18,137.35
10/2/18,137.05
10/3/18,137.31
10/4/18,136.04
10/5/18,135.22
10/8/18,135.05
10/9/18,134.84
10/10/18,130.44
10/11/18,127.88
10/12/18,129.57
10/15/18,129.02
10/16/18,131.91
10/17/18,131.79
10/18/18,129.83
10/19/18,129.57
10/22/18,129.04
10/23/18,128.29
10/24/18,124.2
10/25/18,126.56
10/26/18,124.43
10/29/18,123.54
10/30/18,125.55
10/31/18,126.97
11/1/18,128.57
11/2/18,127.88
11/5/18,128.46
11/6/18,129.21
11/7/18,131.87
11/8/18,131.53
11/9/18,130.21
11/12/18,127.65
11/13/18,127.48
11/14/18,126.54
11/15/18,127.97
11/16/18,128.2
11/19/18,125.91
11/20/18,123.65
11/21/18,124.3
11/22/18,.
11/23/18,123.63
11/26/18,125.57
11/27/18,125.69
11/28/18,128.64
11/29/18,128.4
11/30/18,129.4
12/3/18,130.86
12/4/18,126.45
12/5/18,.
12/6/18,126.39
12/7/18,123.53
12/10/18,123.6
12/11/18,123.52
12/12/18,124.26
12/13/18,124
12/14/18,121.78
12/17/18,119.11
12/18/18,119.1
12/19/18,117.27
12/20/18,115.36
12/21/18,112.89
12/24/18,109.99
12/25/18,.
12/26/18,115.52
12/27/18,116.37
12/28/18,116.36
12/31/18,117.37
1/1/19,.
1/2/19,117.58
1/3/19,114.89
1/4/19,118.9
1/7/19,120.05
1/8/19,121.34
1/9/19,121.95
1/10/19,122.46
1/11/19,122.47
1/14/19,121.77
1/15/19,123.05
1/16/19,123.42
1/17/19,124.38
1/18/19,125.98
1/21/19,.
1/22/19,124.15
1/23/19,124.34
1/24/19,124.65
1/25/19,125.82
1/28/19,124.93
1/29/19,124.71
1/30/19,126.58
1/31/19,127.75
2/1/19,127.93
2/4/19,128.87
2/5/19,129.47
2/6/19,129.16
2/7/19,128.02
2/8/19,128.15
2/11/19,128.36
2/12/19,130.01
2/13/19,130.41
2/14/19,130.2
2/15/19,131.63
2/18/19,.
2/19/19,131.9
2/20/19,132.12
2/21/19,131.65
2/22/19,132.51
2/25/19,132.68
2/26/19,132.47
2/27/19,132.56
2/28/19,132.2
3/1/19,133.12
3/4/19,132.49
3/5/19,132.31
3/6/19,131.23
3/7/19,130.23
3/8/19,129.96
3/11/19,131.92
3/12/19,132.27
3/13/19,133.15
3/14/19,133.06
3/15/19,133.66
3/18/19,134.25
3/19/19,134.15
3/20/19,133.7
3/21/19,135.21
3/22/19,132.38
3/25/19,132.3
3/26/19,133.31
3/27/19,132.66
3/28/19,133.22
3/29/19,134.07
4/1/19,135.63
4/2/19,135.62
4/3/19,135.97
4/4/19,136.2
4/5/19,136.94
4/8/19,137.05
4/9/19,136.17
4/10/19,136.86
4/11/19,136.89
4/12/19,137.79
4/15/19,137.66
4/16/19,137.74
4/17/19,137.27
4/18/19,137.45
4/19/19,.
4/22/19,137.58
4/23/19,138.92
4/24/19,138.68
4/25/19,138.5
4/26/19,139.25
4/29/19,139.47
4/30/19,139.45
5/1/19,138.4
5/2/19,138.17
5/3/19,139.71
5/6/19,139.19
5/7/19,136.87
5/8/19,136.61
5/9/19,136.26
5/10/19,136.8
5/13/19,133.31
5/14/19,134.51
5/15/19,135.32
5/16/19,136.54
5/17/19,135.6
5/20/19,134.67
5/21/19,135.91
5/22/19,135.41
5/23/19,133.61
5/24/19,133.92
5/27/19,.
5/28/19,132.87
5/29/19,131.92
5/30/19,132.11
5/31/19,130.39
6/3/19,129.97
6/4/19,132.86
6/5/19,133.78
6/6/19,134.49
6/7/19,135.86
6/10/19,136.57
6/11/19,136.46
6/12/19,136.23
6/13/19,136.92
6/14/19,136.57
6/17/19,136.81
6/18/19,138.16
6/19/19,138.62
6/20/19,139.85
6/21/19,139.53
6/24/19,139.04
6/25/19,137.71
6/26/19,137.55
6/27/19,138.4
6/28/19,139.34
7/1/19,140.33
7/2/19,140.63
7/3/19,141.78
7/4/19,.
7/5/19,141.65
7/8/19,140.89
7/9/19,141.18
7/10/19,141.79
7/11/19,141.99
7/12/19,142.72
7/15/19,142.69
7/16/19,142.26
7/17/19,141.37
7/18/19,141.83
7/19/19,141
7/22/19,141.37
7/23/19,142.3
7/24/19,143.22
7/25/19,142.34
7/26/19,143.5